PlayerId,NameFirst,NameLast,CurrentHandle,TotalUSDPrize,Game,Genre,Continent_Name,Country_Name,ReleaseDate,ReleaseYear
3883,Peter,Rasmussen,dupreeh,1822989.41,Counter-Strike: Global Offensive,First-Person Shooter,Europe,"Denmark, Kingdom of",2012-08-21,2012
3679,Andreas,Højsleth,Xyp9x,1799288.57,Counter-Strike: Global Offensive,First-Person Shooter,Europe,"Denmark, Kingdom of",2012-08-21,2012
3885,Nicolai,Reedtz,dev1ce,1787489.88,Counter-Strike: Global Offensive,First-Person Shooter,Europe,"Denmark, Kingdom of",2012-08-21,2012
3672,Lukas,Rossander,gla1ve,1652350.75,Counter-Strike: Global Offensive,First-Person Shooter,Europe,"Denmark, Kingdom of",2012-08-21,2012
17800,Emil,Reif,Magisk,1416448.64,Counter-Strike: Global Offensive,First-Person Shooter,Europe,"Denmark, Kingdom of",2012-08-21,2012
16800,Jakey,Yip,Stewie2k,1087340.0,Counter-Strike: Global Offensive,First-Person Shooter,North America,United States of America,2012-08-21,2012
12183,Epitácio,de Melo,TACO,1063858.27,Counter-Strike: Global Offensive,First-Person Shooter,South America,"Brazil, Federative Republic of",2012-08-21,2012
12169,Fernando,Alvarenga,fer,1063038.92,Counter-Strike: Global Offensive,First-Person Shooter,South America,"Brazil, Federative Republic of",2012-08-21,2012
2455,Gabriel,Toledo,FalleN,1059938.92,Counter-Strike: Global Offensive,First-Person Shooter,South America,"Brazil, Federative Republic of",2012-08-21,2012
12182,Marcelo,David,coldzera,1021901.46,Counter-Strike: Global Offensive,First-Person Shooter,South America,"Brazil, Federative Republic of",2012-08-21,2012
10629,Keith,Markovic,NAF,982765.66,Counter-Strike: Global Offensive,First-Person Shooter,North America,Canada,2012-08-21,2012
2452,Finn,Andersen,karrigan,964635.39,Counter-Strike: Global Offensive,First-Person Shooter,Europe,"Denmark, Kingdom of",2012-08-21,2012
11788,Jonathan,Jablonowski,ELiGE,930696.42,Counter-Strike: Global Offensive,First-Person Shooter,North America,United States of America,2012-08-21,2012
8635,Nick,Cannella,nitr0,920151.73,Counter-Strike: Global Offensive,First-Person Shooter,North America,United States of America,2012-08-21,2012
3875,Jesper,Wecksell,JW,897760.68,Counter-Strike: Global Offensive,First-Person Shooter,Europe,"Sweden, Kingdom of",2012-08-21,2012
5001,Olof,Kajbjer,olofmeister,880011.52,Counter-Strike: Global Offensive,First-Person Shooter,Europe,"Sweden, Kingdom of",2012-08-21,2012
3878,Robin,Rönnquist,flusha,877668.95,Counter-Strike: Global Offensive,First-Person Shooter,Europe,"Sweden, Kingdom of",2012-08-21,2012
5000,Freddy,Johansson,KRiMZ,867823.34,Counter-Strike: Global Offensive,First-Person Shooter,Europe,"Sweden, Kingdom of",2012-08-21,2012
20415,Russel,Van Dulken,Twistzz,835376.43,Counter-Strike: Global Offensive,First-Person Shooter,North America,Canada,2012-08-21,2012
3888,Dan,Madesclaire,apEX,814852.39,Counter-Strike: Global Offensive,First-Person Shooter,Europe,"France, French Republic",2012-08-21,2012
3290,Nathan,Schmitt,NBK,805444.66,Counter-Strike: Global Offensive,First-Person Shooter,Europe,"France, French Republic",2012-08-21,2012
3882,Ladislav,Kovács,GuardiaN,798520.8,Counter-Strike: Global Offensive,First-Person Shooter,Europe,Slovakia (Slovak Republic),2012-08-21,2012
10630,Tarik,Celik,tarik,780039.21,Counter-Strike: Global Offensive,First-Person Shooter,North America,United States of America,2012-08-21,2012
5483,Håvard,Nygaard,rain,763799.57,Counter-Strike: Global Offensive,First-Person Shooter,Europe,"Norway, Kingdom of",2012-08-21,2012
5783,Nikola,Kovač,NiKo,762802.56,Counter-Strike: Global Offensive,First-Person Shooter,Europe,Bosnia and Herzegovina,2012-08-21,2012
8168,Egor,Vasilyev,flamie,732920.07,Counter-Strike: Global Offensive,First-Person Shooter,Europe,Russian Federation,2012-08-21,2012
8168,Egor,Vasilyev,flamie,732920.07,Counter-Strike: Global Offensive,First-Person Shooter,Asia,Russian Federation,2012-08-21,2012
3289,Kenny,Schrub,kennyS,713086.68,Counter-Strike: Global Offensive,First-Person Shooter,Europe,"France, French Republic",2012-08-21,2012
1511,Daniil,Teslenko,Zeus,689568.7,Counter-Strike: Global Offensive,First-Person Shooter,Europe,Ukraine,2012-08-21,2012
8169,Alexander,Kostylev,s1mple,677155.31,Counter-Strike: Global Offensive,First-Person Shooter,Europe,Ukraine,2012-08-21,2012
3881,Richard,Papillon,shox,660640.55,Counter-Strike: Global Offensive,First-Person Shooter,Europe,"France, French Republic",2012-08-21,2012
4998,Janusz,Pogorzelski,snax,653938.44,Counter-Strike: Global Offensive,First-Person Shooter,Europe,"Poland, Republic of",2012-08-21,2012
10736,Markus,Kjærbye,Kjaerbye,617000.5,Counter-Strike: Global Offensive,First-Person Shooter,Europe,"Denmark, Kingdom of",2012-08-21,2012
1510,Ioann,Sukharev,Edward,613854.6,Counter-Strike: Global Offensive,First-Person Shooter,Europe,Ukraine,2012-08-21,2012
1485,Filip,Kubski,neo,606880.52,Counter-Strike: Global Offensive,First-Person Shooter,Europe,"Poland, Republic of",2012-08-21,2012
3951,Chris,de Jong,chrisJ,596748.79,Counter-Strike: Global Offensive,First-Person Shooter,Europe,"Netherlands, Kingdom of the",2012-08-21,2012
1484,Wiktor,Wojtas,TaZ,591510.89,Counter-Strike: Global Offensive,First-Person Shooter,Europe,"Poland, Republic of",2012-08-21,2012
4311,Will,Wierzba,Rush,586616.0,Counter-Strike: Global Offensive,First-Person Shooter,North America,United States of America,2012-08-21,2012
1488,Jarosław,Jarząbkowski,pashaBiceps,577382.35,Counter-Strike: Global Offensive,First-Person Shooter,Europe,"Poland, Republic of",2012-08-21,2012
4997,Paweł,Bieliński,byali,574103.56,Counter-Strike: Global Offensive,First-Person Shooter,Europe,"Poland, Republic of",2012-08-21,2012
1490,Patrik,Lindberg,f0rest,547205.97,Counter-Strike: Global Offensive,First-Person Shooter,Europe,"Sweden, Kingdom of",2012-08-21,2012
16267,Denis,Sharipov,electroNic,531541.99,Counter-Strike: Global Offensive,First-Person Shooter,Europe,Russian Federation,2012-08-21,2012
16267,Denis,Sharipov,electroNic,531541.99,Counter-Strike: Global Offensive,First-Person Shooter,Asia,Russian Federation,2012-08-21,2012
1492,Christopher,Alesund,GeT_RiGhT,517888.39,Counter-Strike: Global Offensive,First-Person Shooter,Europe,"Sweden, Kingdom of",2012-08-21,2012
2440,Richard,Landström,Xizt,513805.74,Counter-Strike: Global Offensive,First-Person Shooter,Europe,"Sweden, Kingdom of",2012-08-21,2012
31594,Robin,Kool,ropz,506010.74,Counter-Strike: Global Offensive,First-Person Shooter,Europe,"Estonia, Republic of",2012-08-21,2012
3293,Cédric,Guipouy,RpK,498887.62,Counter-Strike: Global Offensive,First-Person Shooter,Europe,"France, French Republic",2012-08-21,2012
3889,Vincent,Schopenhauer,Happy,485910.46,Counter-Strike: Global Offensive,First-Person Shooter,Europe,"France, French Republic",2012-08-21,2012
11483,Peter,Jarguz,stanislaw,481487.38,Counter-Strike: Global Offensive,First-Person Shooter,North America,Canada,2012-08-21,2012
12859,Jonas,Olofsson,Lekr0,464499.26,Counter-Strike: Global Offensive,First-Person Shooter,Europe,"Sweden, Kingdom of",2012-08-21,2012
11938,Timothy,Ta,autimatic,449799.56,Counter-Strike: Global Offensive,First-Person Shooter,North America,United States of America,2012-08-21,2012
28556,Maikil,Selim,Golden,448642.48,Counter-Strike: Global Offensive,First-Person Shooter,Europe,"Sweden, Kingdom of",2012-08-21,2012
3752,Tyler,Latham,Skadoodle,437479.98,Counter-Strike: Global Offensive,First-Person Shooter,North America,United States of America,2012-08-21,2012
2450,Aleksi,Jalli,allu,418492.59,Counter-Strike: Global Offensive,First-Person Shooter,Europe,"Finland, Republic of",2012-08-21,2012
4996,Renè,Borg,cajunb,417465.86,Counter-Strike: Global Offensive,First-Person Shooter,Europe,"Denmark, Kingdom of",2012-08-21,2012
3676,Dauren,Kystaubayev,AdreN,414305.65,Counter-Strike: Global Offensive,First-Person Shooter,Europe,"Kazakhstan, Republic of",2012-08-21,2012
3676,Dauren,Kystaubayev,AdreN,414305.65,Counter-Strike: Global Offensive,First-Person Shooter,Asia,"Kazakhstan, Republic of",2012-08-21,2012
3287,Adam,Friberg,friberg,407662.41,Counter-Strike: Global Offensive,First-Person Shooter,Europe,"Sweden, Kingdom of",2012-08-21,2012
18811,Kristian,Wienecke,k0nfig,403005.81,Counter-Strike: Global Offensive,First-Person Shooter,Europe,"Denmark, Kingdom of",2012-08-21,2012
28489,Vincent,Cayonte,Brehze,391973.94,Counter-Strike: Global Offensive,First-Person Shooter,North America,United States of America,2012-08-21,2012
29711,Ethan,Arnold,nahtE,389680.38,Counter-Strike: Global Offensive,First-Person Shooter,North America,United States of America,2012-08-21,2012
2456,Lincoln,Lau,fnx,387551.81,Counter-Strike: Global Offensive,First-Person Shooter,South America,"Brazil, Federative Republic of",2012-08-21,2012
12179,Ricardo,Prass,boltz,382208.97,Counter-Strike: Global Offensive,First-Person Shooter,South America,"Brazil, Federative Republic of",2012-08-21,2012
3998,Fabien,Fiey,KIOSHIMA,378500.99,Counter-Strike: Global Offensive,First-Person Shooter,Europe,"France, French Republic",2012-08-21,2012
30622,Cvetelin,Nikolov,CeRq,375765.04,Counter-Strike: Global Offensive,First-Person Shooter,Europe,"Bulgaria, Republic of",2012-08-21,2012
2494,Dennis,Edman,dennis,361678.02,Counter-Strike: Global Offensive,First-Person Shooter,Europe,"Sweden, Kingdom of",2012-08-21,2012
3673,Mathias,Lauridsen,MSL,349557.33,Counter-Strike: Global Offensive,First-Person Shooter,Europe,"Denmark, Kingdom of",2012-08-21,2012
4587,Denis,Kostin,seized,339091.34,Counter-Strike: Global Offensive,First-Person Shooter,Europe,Russian Federation,2012-08-21,2012
4587,Denis,Kostin,seized,339091.34,Counter-Strike: Global Offensive,First-Person Shooter,Asia,Russian Federation,2012-08-21,2012
5472,Tomáš,Šťastný,oskar,335508.19,Counter-Strike: Global Offensive,First-Person Shooter,Europe,Czech Republic,2012-08-21,2012
31001,Mathieu,Herbaut,ZywOo,333711.15,Counter-Strike: Global Offensive,First-Person Shooter,Europe,"France, French Republic",2012-08-21,2012
5035,Philip,Aistrup,aizy,332671.67,Counter-Strike: Global Offensive,First-Person Shooter,Europe,"Denmark, Kingdom of",2012-08-21,2012
5499,Miikka,Kemppi,suNny,326080.0,Counter-Strike: Global Offensive,First-Person Shooter,Europe,"Finland, Republic of",2012-08-21,2012
17801,Valdemar,Vangså,Valde,323423.04,Counter-Strike: Global Offensive,First-Person Shooter,Europe,"Denmark, Kingdom of",2012-08-21,2012
12173,João,Vasconcellos,felps,323127.22,Counter-Strike: Global Offensive,First-Person Shooter,South America,"Brazil, Federative Republic of",2012-08-21,2012
1494,Mikhail,Stolyarov,Dosia,307601.25,Counter-Strike: Global Offensive,First-Person Shooter,Europe,Russian Federation,2012-08-21,2012
1494,Mikhail,Stolyarov,Dosia,307601.25,Counter-Strike: Global Offensive,First-Person Shooter,Asia,Russian Federation,2012-08-21,2012
13134,Can,Dörtkardes,XANTARES,307129.97,Counter-Strike: Global Offensive,First-Person Shooter,Europe,"Turkey, Republic of",2012-08-21,2012
13134,Can,Dörtkardes,XANTARES,307129.97,Counter-Strike: Global Offensive,First-Person Shooter,Asia,"Turkey, Republic of",2012-08-21,2012
9565,Alexandre,Pianaro,bodyy,306178.43,Counter-Strike: Global Offensive,First-Person Shooter,Europe,"France, French Republic",2012-08-21,2012
5433,Martin,Styk,STYKO,305655.12,Counter-Strike: Global Offensive,First-Person Shooter,Europe,Slovakia (Slovak Republic),2012-08-21,2012
19595,Özgür,Eker,woxic,302884.33,Counter-Strike: Global Offensive,First-Person Shooter,Europe,"Turkey, Republic of",2012-08-21,2012
19595,Özgür,Eker,woxic,302884.33,Counter-Strike: Global Offensive,First-Person Shooter,Asia,"Turkey, Republic of",2012-08-21,2012
21291,Fredrik,Sterner,REZ,284845.29,Counter-Strike: Global Offensive,First-Person Shooter,Europe,"Sweden, Kingdom of",2012-08-21,2012
20813,Aleksi,Virolainen,Aleksib,276730.92,Counter-Strike: Global Offensive,First-Person Shooter,Europe,"Finland, Republic of",2012-08-21,2012
39608,Alexey,Golubev,Qikert,275404.13,Counter-Strike: Global Offensive,First-Person Shooter,Europe,"Kazakhstan, Republic of",2012-08-21,2012
39608,Alexey,Golubev,Qikert,275404.13,Counter-Strike: Global Offensive,First-Person Shooter,Asia,"Kazakhstan, Republic of",2012-08-21,2012
10191,Rustem,Tlepov,mou,273859.49,Counter-Strike: Global Offensive,First-Person Shooter,Europe,"Kazakhstan, Republic of",2012-08-21,2012
10191,Rustem,Tlepov,mou,273859.49,Counter-Strike: Global Offensive,First-Person Shooter,Asia,"Kazakhstan, Republic of",2012-08-21,2012
35378,Timur,Tulepov,Buster,273784.13,Counter-Strike: Global Offensive,First-Person Shooter,Europe,"Kazakhstan, Republic of",2012-08-21,2012
35378,Timur,Tulepov,Buster,273784.13,Counter-Strike: Global Offensive,First-Person Shooter,Asia,"Kazakhstan, Republic of",2012-08-21,2012
35077,Ali,Dzhami,Jame,273117.72,Counter-Strike: Global Offensive,First-Person Shooter,Europe,Russian Federation,2012-08-21,2012
35077,Ali,Dzhami,Jame,273117.72,Counter-Strike: Global Offensive,First-Person Shooter,Asia,Russian Federation,2012-08-21,2012
2529,Christophe,Xia,SIXER,272602.0,Counter-Strike: Global Offensive,First-Person Shooter,Europe,"France, French Republic",2012-08-21,2012
25121,Abay,Khasenov,HObbit,269977.5,Counter-Strike: Global Offensive,First-Person Shooter,Europe,"Kazakhstan, Republic of",2012-08-21,2012
25121,Abay,Khasenov,HObbit,269977.5,Counter-Strike: Global Offensive,First-Person Shooter,Asia,"Kazakhstan, Republic of",2012-08-21,2012
3291,Edouard,Dubourdeaux,SmithZz,269446.78,Counter-Strike: Global Offensive,First-Person Shooter,Europe,"France, French Republic",2012-08-21,2012
24832,David,Čerňanský,frozen,265131.4,Counter-Strike: Global Offensive,First-Person Shooter,Europe,Slovakia (Slovak Republic),2012-08-21,2012
38456,Valentin,Vasilev,poiz0n,260987.54,Counter-Strike: Global Offensive,First-Person Shooter,Europe,"Bulgaria, Republic of",2012-08-21,2012
10627,Damian,Steele,daps,260797.63,Counter-Strike: Global Offensive,First-Person Shooter,North America,Canada,2012-08-21,2012
3576,Simon,Eliasson,twist,260721.09,Counter-Strike: Global Offensive,First-Person Shooter,Europe,"Sweden, Kingdom of",2012-08-21,2012
12170,Henrique,Teles,hen1,256374.45,Counter-Strike: Global Offensive,First-Person Shooter,South America,"Brazil, Federative Republic of",2012-08-21,2012
3678,Adil,Benrlitom,ScreaM,249663.46,Counter-Strike: Global Offensive,First-Person Shooter,Europe,"Belgium, Kingdom of",2012-08-21,2012
7789,Oscar,Cañellas,mixwell,247538.65,Counter-Strike: Global Offensive,First-Person Shooter,Europe,"Spain, Kingdom of",2012-08-21,2012
3952,Johannes,Wodarz,tabseN,247248.57,Counter-Strike: Global Offensive,First-Person Shooter,Europe,"Germany, Federal Republic of",2012-08-21,2012
10294,Alex,McMeekin,ALEX,245208.72,Counter-Strike: Global Offensive,First-Person Shooter,Europe,United Kingdom of Great Britain & Northern Ireland,2012-08-21,2012
8968,Damian,Kisłowski,Furlan,244070.27,Counter-Strike: Global Offensive,First-Person Shooter,Europe,"Poland, Republic of",2012-08-21,2012
12156,HaoWen,Xu,somebody,242273.51,Counter-Strike: Global Offensive,First-Person Shooter,Asia,"China, People's Republic of",2012-08-21,2012
2484,Jordan,Gilbert,n0thing,239956.42,Counter-Strike: Global Offensive,First-Person Shooter,North America,United States of America,2012-08-21,2012
10134,Karol,Rodowicz,rallen,234332.17,Counter-Strike: Global Offensive,First-Person Shooter,Europe,"Poland, Republic of",2012-08-21,2012
17622,Francois,Delaunay,Amanek,233210.47,Counter-Strike: Global Offensive,First-Person Shooter,Europe,"France, French Republic",2012-08-21,2012
49029,Sanjar,Kuliev,SANJI,232167.42,Counter-Strike: Global Offensive,First-Person Shooter,Asia,"Uzbekistan, Republic of",2012-08-21,2012
3304,Johan,Sundstein,N0tail,6952596.58,Dota 2,Multiplayer Online Battle Arena,Europe,"Denmark, Kingdom of",2013-07-09,2013
3822,Jesse,Vainikka,JerAx,6470000.02,Dota 2,Multiplayer Online Battle Arena,Europe,"Finland, Republic of",2013-07-09,2013
30451,Anathan,Pham,ana,6000411.96,Dota 2,Multiplayer Online Battle Arena,Oceania,"Australia, Commonwealth of",2013-07-09,2013
2811,Sébastien,Debs,Ceb,5554297.41,Dota 2,Multiplayer Online Battle Arena,Europe,"France, French Republic",2013-07-09,2013
18897,Topias,Taavitsainen,Topson,5470902.57,Dota 2,Multiplayer Online Battle Arena,Europe,"Finland, Republic of",2013-07-09,2013
3145,Kuro,Takhasomi,KuroKy,5193382.81,Dota 2,Multiplayer Online Battle Arena,Europe,"Germany, Federal Republic of",2013-07-09,2013
14671,Amer,Al-Barkawi,Miracle-,4798043.68,Dota 2,Multiplayer Online Battle Arena,Asia,"Jordan, Hashemite Kingdom of",2013-07-09,2013
12579,Ivan,Ivanov,MinD_ContRoL,4579118.16,Dota 2,Multiplayer Online Battle Arena,Europe,"Bulgaria, Republic of",2013-07-09,2013
25335,Maroun,Merhej,GH,4193412.69,Dota 2,Multiplayer Online Battle Arena,Asia,"Lebanon, Lebanese Republic",2013-07-09,2013
12133,Lasse,Urpalainen,Matumbaman,3765369.04,Dota 2,Multiplayer Online Battle Arena,Europe,"Finland, Republic of",2013-07-09,2013
14196,Sumail,Hassan,SumaiL,3608317.34,Dota 2,Multiplayer Online Battle Arena,Asia,"Pakistan, Islamic Republic of",2013-07-09,2013
2615,Saahil,Arora,UNiVeRsE,3057237.67,Dota 2,Multiplayer Online Battle Arena,North America,United States of America,2013-07-09,2013
5194,Peter,Dager,ppd,2995619.62,Dota 2,Multiplayer Online Battle Arena,North America,United States of America,2013-07-09,2013
10188,Lu,Yao,Somnus丶M,2984982.14,Dota 2,Multiplayer Online Battle Arena,Asia,"China, People's Republic of",2013-07-09,2013
4033,Linsen,Xu,fy,2894690.34,Dota 2,Multiplayer Online Battle Arena,Asia,"China, People's Republic of",2013-07-09,2013
2578,Clement,Ivanov,Puppey,2864004.17,Dota 2,Multiplayer Online Battle Arena,Europe,"Estonia, Republic of",2013-07-09,2013
2610,Clinton,Loomis,Fear,2551657.34,Dota 2,Multiplayer Online Battle Arena,North America,United States of America,2013-07-09,2013
3524,Gustav,Magnusson,s4,2545626.14,Dota 2,Multiplayer Online Battle Arena,Europe,"Sweden, Kingdom of",2013-07-09,2013
5195,Ludwig,Wåhlberg,Zai,2504134.31,Dota 2,Multiplayer Online Battle Arena,Europe,"Sweden, Kingdom of",2013-07-09,2013
3305,Tal,Aizik,Fly,2381155.91,Dota 2,Multiplayer Online Battle Arena,Asia,"Israel, State of",2013-07-09,2013
13080,Aliwi,Omar,w33,2275625.58,Dota 2,Multiplayer Online Battle Arena,Europe,Romania,2013-07-09,2013
4028,Artour,Babaev,Arteezy,2257053.21,Dota 2,Multiplayer Online Battle Arena,North America,Canada,2013-07-09,2013
26665,Chunyu,Wang,Ame,2244012.27,Dota 2,Multiplayer Online Battle Arena,Asia,"China, People's Republic of",2013-07-09,2013
10712,Zhang,Yiping,y`,2097095.28,Dota 2,Multiplayer Online Battle Arena,Asia,"China, People's Republic of",2013-07-09,2013
26513,Zhang,Ruida,Faith_bian,2078534.86,Dota 2,Multiplayer Online Battle Arena,Asia,"China, People's Republic of",2013-07-09,2013
9515,Andreas,Nielsen,Cr1t,2007841.6,Dota 2,Multiplayer Online Battle Arena,Europe,"Denmark, Kingdom of",2013-07-09,2013
3256,Kurtis,Ling,Aui_2000,2006311.11,Dota 2,Multiplayer Online Battle Arena,North America,Canada,2013-07-09,2013
14238,Peng,Li,iceice,2002159.51,Dota 2,Multiplayer Online Battle Arena,Asia,"China, People's Republic of",2013-07-09,2013
26512,Chu,Zeyu,Shadow,1982225.7,Dota 2,Multiplayer Online Battle Arena,Asia,"China, People's Republic of",2013-07-09,2013
10711,Zhou,Yang,bLink,1960956.47,Dota 2,Multiplayer Online Battle Arena,Asia,"China, People's Republic of",2013-07-09,2013
22207,Jianwei,Yap,xNova,1882492.98,Dota 2,Multiplayer Online Battle Arena,Asia,Malaysia,2013-07-09,2013
33561,Shenyi,Yang,Chalice,1848849.88,Dota 2,Multiplayer Online Battle Arena,Asia,"China, People's Republic of",2013-07-09,2013
2596,Ning,Zhang,xiao8,1830094.33,Dota 2,Multiplayer Online Battle Arena,Asia,"China, People's Republic of",2013-07-09,2013
15530,Damien,Chok,kpii,1809225.3,Dota 2,Multiplayer Online Battle Arena,Oceania,"Australia, Commonwealth of",2013-07-09,2013
16814,Roman,Kushnarev,RAMZES666,1787796.92,Dota 2,Multiplayer Online Battle Arena,Europe,Russian Federation,2013-07-09,2013
16814,Roman,Kushnarev,RAMZES666,1787796.92,Dota 2,Multiplayer Online Battle Arena,Asia,Russian Federation,2013-07-09,2013
10080,Liangzhi,Hu,KaKa,1787083.53,Dota 2,Multiplayer Online Battle Arena,Asia,"China, People's Republic of",2013-07-09,2013
27134,Yeik Nai,Zheng,MidOne,1781891.47,Dota 2,Multiplayer Online Battle Arena,Asia,Malaysia,2013-07-09,2013
3773,Alexei,Berezin,Solo,1778125.61,Dota 2,Multiplayer Online Battle Arena,Europe,Russian Federation,2013-07-09,2013
3773,Alexei,Berezin,Solo,1778125.61,Dota 2,Multiplayer Online Battle Arena,Asia,Russian Federation,2013-07-09,2013
3146,Zhihao,Chen,Hao,1755205.74,Dota 2,Multiplayer Online Battle Arena,Asia,"China, People's Republic of",2013-07-09,2013
3168,Hongda,Zeng,Faith,1745944.26,Dota 2,Multiplayer Online Battle Arena,Asia,"China, People's Republic of",2013-07-09,2013
13322,Pavel,Khvastunov,9pasha,1713179.57,Dota 2,Multiplayer Online Battle Arena,Europe,Russian Federation,2013-07-09,2013
13322,Pavel,Khvastunov,9pasha,1713179.57,Dota 2,Multiplayer Online Battle Arena,Asia,Russian Federation,2013-07-09,2013
13323,Vladimir,Minenko,Noone,1617323.45,Dota 2,Multiplayer Online Battle Arena,Europe,Ukraine,2013-07-09,2013
3161,Junhao,Xie,Super,1598492.49,Dota 2,Multiplayer Online Battle Arena,Asia,"China, People's Republic of",2013-07-09,2013
1949,Daryl Pei Xiang,Koh,iceiceice,1553261.96,Dota 2,Multiplayer Online Battle Arena,Asia,"Singapore, Republic of",2013-07-09,2013
14672,Yazied,Jaradat,YapzOr,1533698.67,Dota 2,Multiplayer Online Battle Arena,Asia,"Jordan, Hashemite Kingdom of",2013-07-09,2013
2589,Rasmus,Fillipsen,MiSeRy,1484921.92,Dota 2,Multiplayer Online Battle Arena,Europe,"Denmark, Kingdom of",2013-07-09,2013
3946,Roman,Fominok,Resolut1on,1460470.75,Dota 2,Multiplayer Online Battle Arena,Europe,Ukraine,2013-07-09,2013
4030,Chao,Lu,Fenrir,1402208.92,Dota 2,Multiplayer Online Battle Arena,Asia,"China, People's Republic of",2013-07-09,2013
3147,Pan,Zhang,Mu,1386339.43,Dota 2,Multiplayer Online Battle Arena,Asia,"China, People's Republic of",2013-07-09,2013
2582,Zhicheng,Zhang,LaNm,1348804.67,Dota 2,Multiplayer Online Battle Arena,Asia,"China, People's Republic of",2013-07-09,2013
2598,Fa Ming,Liang,DDC,1337308.37,Dota 2,Multiplayer Online Battle Arena,Asia,"Macao, Special Administrative Region of China",2013-07-09,2013
28142,Vladimir,Nikogosyan,RodjER,1325834.13,Dota 2,Multiplayer Online Battle Arena,Europe,Russian Federation,2013-07-09,2013
28142,Vladimir,Nikogosyan,RodjER,1325834.13,Dota 2,Multiplayer Online Battle Arena,Asia,Russian Federation,2013-07-09,2013
3690,Adrian,Trinks,FATA,1314968.82,Dota 2,Multiplayer Online Battle Arena,Europe,"Germany, Federal Republic of",2013-07-09,2013
19382,Chun,Song,Sccc,1272450.74,Dota 2,Multiplayer Online Battle Arena,Asia,"China, People's Republic of",2013-07-09,2013
3813,Wang,Jiao,Banana,1271085.0,Dota 2,Multiplayer Online Battle Arena,Asia,"China, People's Republic of",2013-07-09,2013
10722,Xu,Han,Moogy,1221917.1,Dota 2,Multiplayer Online Battle Arena,Asia,"China, People's Republic of",2013-07-09,2013
3163,Jiajun,Liu,Sylar,1212757.14,Dota 2,Multiplayer Online Battle Arena,Asia,"China, People's Republic of",2013-07-09,2013
21950,Ren,Yangwei,eLeVeN,1211710.47,Dota 2,Multiplayer Online Battle Arena,Asia,"China, People's Republic of",2013-07-09,2013
2594,Zhaohui,Wang,SanSheng,1202225.88,Dota 2,Multiplayer Online Battle Arena,Asia,"China, People's Republic of",2013-07-09,2013
3164,Zhengzheng,Yao,Yao,1186002.61,Dota 2,Multiplayer Online Battle Arena,Asia,"China, People's Republic of",2013-07-09,2013
2581,Zengrong,Lei,MMY!,1100271.44,Dota 2,Multiplayer Online Battle Arena,Asia,"China, People's Republic of",2013-07-09,2013
12671,Bin,Fu,Q,1081544.74,Dota 2,Multiplayer Online Battle Arena,Asia,"China, People's Republic of",2013-07-09,2013
19074,Martin,Sazdov,Saksa,1046689.75,Dota 2,Multiplayer Online Battle Arena,Europe,"Macedonia, The Former Yugoslav Republic of",2013-07-09,2013
3151,Yee Fung,Chai,Mushi,1023582.18,Dota 2,Multiplayer Online Battle Arena,Asia,Malaysia,2013-07-09,2013
30684,Chengjun,Zhang,Paparazi,1001723.8,Dota 2,Multiplayer Online Battle Arena,Asia,"China, People's Republic of",2013-07-09,2013
4027,Johan,Åström,pieliedie,989390.86,Dota 2,Multiplayer Online Battle Arena,Europe,"Sweden, Kingdom of",2013-07-09,2013
3522,Jacky,Mao,EternaLEnVy,987072.69,Dota 2,Multiplayer Online Battle Arena,North America,Canada,2013-07-09,2013
17765,Michał,Jankowski,Nisha,933853.71,Dota 2,Multiplayer Online Battle Arena,Europe,"Poland, Republic of",2013-07-09,2013
11722,Ilya,Ilyuk,Lil,917449.86,Dota 2,Multiplayer Online Battle Arena,Europe,Ukraine,2013-07-09,2013
12672,Zheng,Sun,Agressif,871452.21,Dota 2,Multiplayer Online Battle Arena,Asia,"China, People's Republic of",2013-07-09,2013
3157,Zhilei,Xu,BurNIng,865656.21,Dota 2,Multiplayer Online Battle Arena,Asia,"China, People's Republic of",2013-07-09,2013
9839,David,Tan,MoonMeander,845345.4,Dota 2,Multiplayer Online Battle Arena,North America,Canada,2013-07-09,2013
28739,Jiaoyang,Zeng,Ori,830696.89,Dota 2,Multiplayer Online Battle Arena,Asia,"China, People's Republic of",2013-07-09,2013
18220,David,Hull,Moo,822916.86,Dota 2,Multiplayer Online Battle Arena,North America,United States of America,2013-07-09,2013
17872,Haiyang,Zhou,Yang,821961.68,Dota 2,Multiplayer Online Battle Arena,Asia,"China, People's Republic of",2013-07-09,2013
30452,Peng,Du,Monet,813169.73,Dota 2,Multiplayer Online Battle Arena,Asia,"China, People's Republic of",2013-07-09,2013
2574,Danil,Ishutin,Dendi,801915.23,Dota 2,Multiplayer Online Battle Arena,Europe,Ukraine,2013-07-09,2013
5221,Djardel Jicko,Mampusti,DJ,798597.31,Dota 2,Multiplayer Online Battle Arena,Asia,"Philippines, Republic of the",2013-07-09,2013
12784,Tue Soon,Chuan,Ah-fu,781396.55,Dota 2,Multiplayer Online Battle Arena,Asia,Malaysia,2013-07-09,2013
3160,Fan,Bai,rOtK,780761.31,Dota 2,Multiplayer Online Battle Arena,Asia,"China, People's Republic of",2013-07-09,2013
30782,Timothy,Randrup,Tims,770563.75,Dota 2,Multiplayer Online Battle Arena,Asia,"Philippines, Republic of the",2013-07-09,2013
9514,Marcus,Hoelgaard,Ace,734369.52,Dota 2,Multiplayer Online Battle Arena,Europe,"Denmark, Kingdom of",2013-07-09,2013
3167,Hock Chuan,Wong,ChuaN,714049.53,Dota 2,Multiplayer Online Battle Arena,Asia,Malaysia,2013-07-09,2013
17200,Kuku,Palad,KuKU,710464.63,Dota 2,Multiplayer Online Battle Arena,Asia,"Philippines, Republic of the",2013-07-09,2013
10718,Xinzhou,Liu,garder,705536.2,Dota 2,Multiplayer Online Battle Arena,Asia,"China, People's Republic of",2013-07-09,2013
3141,Jonathan,Berg,Loda,698363.52,Dota 2,Multiplayer Online Battle Arena,Europe,"Sweden, Kingdom of",2013-07-09,2013
11868,Zezhi,Chen,Xz,692327.42,Dota 2,Multiplayer Online Battle Arena,Asia,"China, People's Republic of",2013-07-09,2013
3724,Jerry,Lundqvist,EGM,679039.12,Dota 2,Multiplayer Online Battle Arena,Europe,"Sweden, Kingdom of",2013-07-09,2013
2576,Oleksandr,Dashkevych,XBOCT,661271.48,Dota 2,Multiplayer Online Battle Arena,Europe,Ukraine,2013-07-09,2013
15754,Jiwei,Huang,Shiki,653514.33,Dota 2,Multiplayer Online Battle Arena,Asia,"China, People's Republic of",2013-07-09,2013
3140,Joakim,Akterhall,Akke,643143.08,Dota 2,Multiplayer Online Battle Arena,Europe,"Sweden, Kingdom of",2013-07-09,2013
30686,Pan,Yi,Fade,641178.98,Dota 2,Multiplayer Online Battle Arena,Asia,"China, People's Republic of",2013-07-09,2013
3523,Henrik,Ahnberg,AdmiralBulldog,638938.79,Dota 2,Multiplayer Online Battle Arena,Europe,"Sweden, Kingdom of",2013-07-09,2013
27814,Marc Polo,Luis Fausto,Raven,609393.1,Dota 2,Multiplayer Online Battle Arena,Asia,"Philippines, Republic of the",2013-07-09,2013
4885,Yong Min,Kim,Febby,602221.88,Dota 2,Multiplayer Online Battle Arena,Asia,"Korea, Republic of",2013-07-09,2013
10074,Yongzheng,He,Inflame,601854.15,Dota 2,Multiplayer Online Battle Arena,Asia,"China, People's Republic of",2013-07-09,2013
44114,Cong,Ding,Dy,594922.51,Dota 2,Multiplayer Online Battle Arena,Asia,"China, People's Republic of",2013-07-09,2013
4888,Sunyeob,Kim,QO,591322.79,Dota 2,Multiplayer Online Battle Arena,Asia,"Korea, Republic of",2013-07-09,2013
3586,Artem,Barshack,fng,591271.39,Dota 2,Multiplayer Online Battle Arena,Europe,"Belarus, Republic of",2013-07-09,2013
4883,Noah,Pyo,MP,591176.77,Dota 2,Multiplayer Online Battle Arena,Asia,"Korea, Republic of",2013-07-09,2013
3832,Sang Hyeok,Lee,Faker,1257615.87,League of Legends,Multiplayer Online Battle Arena,Asia,"Korea, Republic of",2009-10-27,2009
6466,Ho Seong,Lee,Duke,954620.62,League of Legends,Multiplayer Online Battle Arena,Asia,"Korea, Republic of",2009-10-27,2009
3636,Jun Sik,Bae,Bang,915451.46,League of Legends,Multiplayer Online Battle Arena,Asia,"Korea, Republic of",2009-10-27,2009
3836,Jae Wan,Lee,Wolf,913084.7,League of Legends,Multiplayer Online Battle Arena,Asia,"Korea, Republic of",2009-10-27,2009
3831,Seong Ung,Bae,Bengi,810683.0,League of Legends,Multiplayer Online Battle Arena,Asia,"Korea, Republic of",2009-10-27,2009
34362,Wen Bo,Yu,JackeyLove,682248.64,League of Legends,Multiplayer Online Battle Arena,Asia,"China, People's Republic of",2009-10-27,2009
6013,Eui Jin,Song,Rookie,610445.7,League of Legends,Multiplayer Online Battle Arena,Asia,"Korea, Republic of",2009-10-27,2009
28734,Zhen Ning,Gao,Ning,566607.87,League of Legends,Multiplayer Online Battle Arena,Asia,"China, People's Republic of",2009-10-27,2009
18904,Sun Gu,Kang,Blank,559518.75,League of Legends,Multiplayer Online Battle Arena,Asia,"Korea, Republic of",2009-10-27,2009
10925,Jo,Yong-in,CoreJJ,556087.84,League of Legends,Multiplayer Online Battle Arena,Asia,"Korea, Republic of",2009-10-27,2009
2749,Chan Yong,Kang,Ambition,553234.2,League of Legends,Multiplayer Online Battle Arena,Asia,"Korea, Republic of",2009-10-27,2009
34363,Liu Yi,Wang,Baolan,548235.82,League of Legends,Multiplayer Online Battle Arena,Asia,"China, People's Republic of",2009-10-27,2009
4038,Zihao,Jian,Uzi,545447.56,League of Legends,Multiplayer Online Battle Arena,Asia,"China, People's Republic of",2009-10-27,2009
11154,Hau Hsuan,Hung,Karsa,538926.12,League of Legends,Multiplayer Online Battle Arena,Asia,Taiwan,2009-10-27,2009
39166,Dong Geun,Kang,TheShy,538444.86,League of Legends,Multiplayer Online Battle Arena,Asia,"Korea, Republic of",2009-10-27,2009
3830,Se Hyeong,Cho,Mata,533979.52,League of Legends,Multiplayer Online Battle Arena,Asia,"Korea, Republic of",2009-10-27,2009
28954,Jae Hyuk,Park,Ruler,526957.64,League of Legends,Multiplayer Online Battle Arena,Asia,"Korea, Republic of",2009-10-27,2009
2762,Jung,Eon-yeong,Impact,515306.14,League of Legends,Multiplayer Online Battle Arena,Asia,"Korea, Republic of",2009-10-27,2009
17101,Yuan Hao,Li,xiaohu,507800.58,League of Legends,Multiplayer Online Battle Arena,Asia,"China, People's Republic of",2009-10-27,2009
14599,Seong Jin,Lee,CuVee,488379.08,League of Legends,Multiplayer Online Battle Arena,Asia,"Korea, Republic of",2009-10-27,2009
12186,Min Ho,Lee,Crown,483747.81,League of Legends,Multiplayer Online Battle Arena,Asia,"Korea, Republic of",2009-10-27,2009
15792,Wang Ho,Han,Peanut,479060.15,League of Legends,Multiplayer Online Battle Arena,Asia,"Korea, Republic of",2009-10-27,2009
11698,Shi Yu,Liu,Mlxg,472216.01,League of Legends,Multiplayer Online Battle Arena,Asia,"China, People's Republic of",2009-10-27,2009
8924,Luka,Perković,PerkZ,471280.47,League of Legends,Multiplayer Online Battle Arena,Europe,"Croatia, Republic of",2009-10-27,2009
3386,Kai,Ming,ClearLove,471086.78,League of Legends,Multiplayer Online Battle Arena,Asia,"China, People's Republic of",2009-10-27,2009
12466,Rasmus,Winther,Caps,458259.05,League of Legends,Multiplayer Online Battle Arena,Europe,"Denmark, Kingdom of",2009-10-27,2009
4509,Won Seok,Heo,PawN,440580.94,League of Legends,Multiplayer Online Battle Arena,Asia,"Korea, Republic of",2009-10-27,2009
3554,Martin,Larsson,Rekkles,438830.14,League of Legends,Multiplayer Online Battle Arena,Europe,"Sweden, Kingdom of",2009-10-27,2009
1863,Paul,Boyer,sOAZ,422314.79,League of Legends,Multiplayer Online Battle Arena,Europe,"France, French Republic",2009-10-27,2009
3843,Hyuk Kyu,Kim,Deft,409144.64,League of Legends,Multiplayer Online Battle Arena,Asia,"Korea, Republic of",2009-10-27,2009
4584,Marcin,Jankowski,Jankos,403320.75,League of Legends,Multiplayer Online Battle Arena,Europe,"Poland, Republic of",2009-10-27,2009
28735,Sen Ming,Shi,Ming,379664.5,League of Legends,Multiplayer Online Battle Arena,Asia,"China, People's Republic of",2009-10-27,2009
3176,Jong In,Kim,PraY,374778.08,League of Legends,Multiplayer Online Battle Arena,Asia,"Korea, Republic of",2009-10-27,2009
13882,Jun Ze,Yan,letme,360201.28,League of Legends,Multiplayer Online Battle Arena,Asia,"China, People's Republic of",2009-10-27,2009
31016,Min Seung,Kang,Haru,348691.73,League of Legends,Multiplayer Online Battle Arena,Asia,"Korea, Republic of",2009-10-27,2009
14665,Seung Hoon,Heo,Huni,347699.25,League of Legends,Multiplayer Online Battle Arena,Asia,"Korea, Republic of",2009-10-27,2009
4629,Hyeong Seok,Jang,Looper,346307.48,League of Legends,Multiplayer Online Battle Arena,Asia,"Korea, Republic of",2009-10-27,2009
12663,Ye,Tian,Meiko,337832.12,League of Legends,Multiplayer Online Battle Arena,Asia,"China, People's Republic of",2009-10-27,2009
4634,Shuo Jie,Hu,SwordArt,337163.36,League of Legends,Multiplayer Online Battle Arena,Asia,Taiwan,2009-10-27,2009
10470,Martin,Hansen,Wunder,336306.24,League of Legends,Multiplayer Online Battle Arena,Europe,"Denmark, Kingdom of",2009-10-27,2009
16021,Tae Sang,Kim,doinb,330849.29,League of Legends,Multiplayer Online Battle Arena,Asia,"Korea, Republic of",2009-10-27,2009
4469,Beom Hyeon,Kang,GorillA,329318.02,League of Legends,Multiplayer Online Battle Arena,Asia,"Korea, Republic of",2009-10-27,2009
8651,Zdravec,Gulubov,Hylissang,325910.24,League of Legends,Multiplayer Online Battle Arena,Europe,"Bulgaria, Republic of",2009-10-27,2009
3513,Seung Bin,Gu,imp,318379.81,League of Legends,Multiplayer Online Battle Arena,Asia,"Korea, Republic of",2009-10-27,2009
11612,Mads,Brock-Pedersen,Broxah,313654.08,League of Legends,Multiplayer Online Battle Arena,Europe,"Denmark, Kingdom of",2009-10-27,2009
1853,Peter,Peng,Doublelift,306475.81,League of Legends,Multiplayer Online Battle Arena,North America,United States of America,2009-10-27,2009
3664,Kyung Ho,Song,Smeb,300818.81,League of Legends,Multiplayer Online Battle Arena,Asia,"Korea, Republic of",2009-10-27,2009
27588,Gabriël,Rau,Bwipo,287279.5,League of Legends,Multiplayer Online Battle Arena,Europe,"Belgium, Kingdom of",2009-10-27,2009
3374,Bo Wei,Cheng,bebe,286115.32,League of Legends,Multiplayer Online Battle Arena,Asia,Taiwan,2009-10-27,2009
3769,Zachary,Scuderi,Sneaky,282456.48,League of Legends,Multiplayer Online Battle Arena,North America,United States of America,2009-10-27,2009
3512,In Kyu,Choi,DanDy,281150.19,League of Legends,Multiplayer Online Battle Arena,Asia,"Korea, Republic of",2009-10-27,2009
29096,Wei Xiang,Lin,Lwx,271901.75,League of Legends,Multiplayer Online Battle Arena,Asia,"China, People's Republic of",2009-10-27,2009
41044,Tian Liang,Gao,Tian,268282.03,League of Legends,Multiplayer Online Battle Arena,Asia,"China, People's Republic of",2009-10-27,2009
4473,Seo Haeng,Lee,kurO,267646.88,League of Legends,Multiplayer Online Battle Arena,Asia,"Korea, Republic of",2009-10-27,2009
6017,Han Saem,Kim,GimGoon,266509.03,League of Legends,Multiplayer Online Battle Arena,Asia,"Korea, Republic of",2009-10-27,2009
41414,Qing Song,Liu,Crisp,265601.98,League of Legends,Multiplayer Online Battle Arena,Asia,"China, People's Republic of",2009-10-27,2009
3833,Gwang Jin,Chae,Piglet,265429.15,League of Legends,Multiplayer Online Battle Arena,Asia,"Korea, Republic of",2009-10-27,2009
8706,Nicolaj,Jensen,Jensen,265283.06,League of Legends,Multiplayer Online Battle Arena,Europe,"Denmark, Kingdom of",2009-10-27,2009
8770,Yang,Tong,Koro1,260755.41,League of Legends,Multiplayer Online Battle Arena,Asia,"China, People's Republic of",2009-10-27,2009
2992,Jake,Puchero,Xmithie,260170.9,League of Legends,Multiplayer Online Battle Arena,Asia,"Philippines, Republic of the",2009-10-27,2009
3555,Dennis,Johnsen,Svenskeren,257257.41,League of Legends,Multiplayer Online Battle Arena,Europe,"Denmark, Kingdom of",2009-10-27,2009
3834,Jeong Hyeon,Lee,PoohManDu,256771.39,League of Legends,Multiplayer Online Battle Arena,Asia,"Korea, Republic of",2009-10-27,2009
3859,Alfonso,Aguirre Rodriguez,Mithy,252718.89,League of Legends,Multiplayer Online Battle Arena,Europe,"Spain, Kingdom of",2009-10-27,2009
6132,Jesper,Svenningsen,Zven,250580.01,League of Legends,Multiplayer Online Battle Arena,Europe,"Denmark, Kingdom of",2009-10-27,2009
3556,Søren,Bjerg,Bjergsen,250222.7,League of Legends,Multiplayer Online Battle Arena,Europe,"Denmark, Kingdom of",2009-10-27,2009
3842,Ji Hoon,Lee,Easyhoon,249497.86,League of Legends,Multiplayer Online Battle Arena,Asia,"Korea, Republic of",2009-10-27,2009
24979,Ye Chan,Lee,Scout,242290.45,League of Legends,Multiplayer Online Battle Arena,Asia,"Korea, Republic of",2009-10-27,2009
4632,Yi Tang,Huang,Maple,240437.63,League of Legends,Multiplayer Online Battle Arena,Asia,Taiwan,2009-10-27,2009
8931,Dong Ha,Kim,Khan,232418.28,League of Legends,Multiplayer Online Battle Arena,Asia,"Korea, Republic of",2009-10-27,2009
3634,Kyung Sup,Yoon,Zero,229438.65,League of Legends,Multiplayer Online Battle Arena,Asia,"Korea, Republic of",2009-10-27,2009
3371,June Tsan,Wang,Stanley,225522.01,League of Legends,Multiplayer Online Battle Arena,Asia,Taiwan,2009-10-27,2009
3373,Kurtis Wai Kin,Lau,Toyz,224722.01,League of Legends,Multiplayer Online Battle Arena,Asia,"Hong Kong, Special Administrative Region of China",2009-10-27,2009
11933,Mihael,Mehle,Mikyx,220292.5,League of Legends,Multiplayer Online Battle Arena,Europe,"Slovenia, Republic of",2009-10-27,2009
6474,Gyeong Hwan,Jang,MaRin,219660.3,League of Legends,Multiplayer Online Battle Arena,Asia,"Korea, Republic of",2009-10-27,2009
3372,Kuan Po,Sung,Lilballz,217429.72,League of Legends,Multiplayer Online Battle Arena,Asia,Taiwan,2009-10-27,2009
3375,Hui Chung,Chen,MiSTakE,216539.83,League of Legends,Multiplayer Online Battle Arena,Asia,Taiwan,2009-10-27,2009
6058,Han Wei,Su,xiye,206587.79,League of Legends,Multiplayer Online Battle Arena,Asia,"China, People's Republic of",2009-10-27,2009
13185,Yu Hao,Chen,Mouse,198089.09,League of Legends,Multiplayer Online Battle Arena,Asia,"China, People's Republic of",2009-10-27,2009
3384,Zhihao,Liu,Zzitai,191889.12,League of Legends,Multiplayer Online Battle Arena,Asia,"China, People's Republic of",2009-10-27,2009
6472,Sung Joon,Jin,Mystic,189265.81,League of Legends,Multiplayer Online Battle Arena,Asia,"Korea, Republic of",2009-10-27,2009
3178,Dong Bin,Go,Score,185512.99,League of Legends,Multiplayer Online Battle Arena,Asia,"Korea, Republic of",2009-10-27,2009
3177,Sang Ook,Yoo,Ryu,184100.69,League of Legends,Multiplayer Online Battle Arena,Asia,"Korea, Republic of",2009-10-27,2009
1861,Bora,Kim,YellOwStaR,183976.33,League of Legends,Multiplayer Online Battle Arena,Europe,"France, French Republic",2009-10-27,2009
27718,Bo Seong,Gwak,Bdd,182877.42,League of Legends,Multiplayer Online Battle Arena,Asia,"Korea, Republic of",2009-10-27,2009
2989,Jason,Tran,WildTurtle,182066.13,League of Legends,Multiplayer Online Battle Arena,North America,Canada,2009-10-27,2009
37699,Ding,Zhuo,Knight,180858.29,League of Legends,Multiplayer Online Battle Arena,Asia,"China, People's Republic of",2009-10-27,2009
20017,Gang Yun,Kim,Trick,177780.23,League of Legends,Multiplayer Online Battle Arena,Asia,"Korea, Republic of",2009-10-27,2009
29501,Yu Hung,Lu,Betty,177478.08,League of Legends,Multiplayer Online Battle Arena,Asia,Taiwan,2009-10-27,2009
59916,Su,Heo,ShowMaker,177331.43,League of Legends,Multiplayer Online Battle Arena,Asia,"Korea, Republic of",2009-10-27,2009
37918,Ha Gwon,Jang,Nuguri,176983.88,League of Legends,Multiplayer Online Battle Arena,Asia,"Korea, Republic of",2009-10-27,2009
59915,Geon Bu,Kim,Canyon,174361.72,League of Legends,Multiplayer Online Battle Arena,Asia,"Korea, Republic of",2009-10-27,2009
56731,Jia Hao,Bai,369,173098.69,League of Legends,Multiplayer Online Battle Arena,Asia,"China, People's Republic of",2009-10-27,2009
41209,Geon Hee,Cho,BeryL,170911.34,League of Legends,Multiplayer Online Battle Arena,Asia,"Korea, Republic of",2009-10-27,2009
21629,Dong Wook,Lee,LokeN,170679.58,League of Legends,Multiplayer Online Battle Arena,Asia,"Korea, Republic of",2009-10-27,2009
1892,Enrique,Cedeño Martinez,xPeke,166127.4,League of Legends,Multiplayer Online Battle Arena,Europe,"Spain, Kingdom of",2009-10-27,2009
8936,Dae Han,Gi,Expect,165169.85,League of Legends,Multiplayer Online Battle Arena,Asia,"Korea, Republic of",2009-10-27,2009
3387,Zhuojun,Feng,Fzzf,164821.18,League of Legends,Multiplayer Online Battle Arena,Asia,"China, People's Republic of",2009-10-27,2009
17103,Ren Jie,Xiang,Condi,161938.75,League of Legends,Multiplayer Online Battle Arena,Asia,"China, People's Republic of",2009-10-27,2009
6633,Petter,Freyschuss,Hjärnan,160818.8,League of Legends,Multiplayer Online Battle Arena,Europe,"Sweden, Kingdom of",2009-10-27,2009
13186,Chang Yu,Ke,957,159402.36,League of Legends,Multiplayer Online Battle Arena,Asia,"China, People's Republic of",2009-10-27,2009
56483,Kyle,Giersdorf,Bugha,3141395.05,Fortnite,Battle Royale,North America,United States of America,2017-07-21,2017
59528,David,Wang,Aqua,1923774.23,Fortnite,Battle Royale,Europe,"Austria, Republic of",2017-07-21,2017
25047,Harrison,Chang,psalm,1873138.8,Fortnite,Battle Royale,North America,United States of America,2017-07-21,2017
54656,Emil,Bergquist Pedersen,Nyhrox,1536845.69,Fortnite,Battle Royale,Europe,"Norway, Kingdom of",2017-07-21,2017
61948,Shane,Cotton,EpikWhale,1349767.32,Fortnite,Battle Royale,North America,United States of America,2017-07-21,2017
67334,Jaden,Ashman,Wolfiez,1331128.07,Fortnite,Battle Royale,Europe,United Kingdom of Great Britain & Northern Ireland,2017-07-21,2017
55139,Dave,Jong,Rojo,1213576.66,Fortnite,Battle Royale,Europe,"Netherlands, Kingdom of the",2017-07-21,2017
51948,Nate,Kou,Kreo,1200043.07,Fortnite,Battle Royale,Asia,"Hong Kong, Special Administrative Region of China",2017-07-21,2017
51578,Williams,Aubin,Zayt,1186189.75,Fortnite,Battle Royale,North America,Canada,2017-07-21,2017
51883,Rocco,Morales,Saf,1126345.35,Fortnite,Battle Royale,North America,United States of America,2017-07-21,2017
51940,Davis,McClellan,Ceice,1109880.47,Fortnite,Battle Royale,North America,United States of America,2017-07-21,2017
61896,Thiago,Lapp,kinG,1021000.0,Fortnite,Battle Royale,South America,"Argentina, Argentine Republic",2017-07-21,2017
51885,Hayden,Krueger,Elevate,991583.2,Fortnite,Battle Royale,North America,United States of America,2017-07-21,2017
49566,Clément,Danglot,Skite,850264.02,Fortnite,Battle Royale,Europe,"France, French Republic",2017-07-21,2017
51611,Dmitri,Van de Vrie,Mitr0,775574.81,Fortnite,Battle Royale,Europe,"Netherlands, Kingdom of the",2017-07-21,2017
62314,Theo,Ferrer,Crue,715350.0,Fortnite,Battle Royale,Europe,"Sweden, Kingdom of",2017-07-21,2017
50421,Kyle,Jackson,Mongraal,673154.23,Fortnite,Battle Royale,Europe,United Kingdom of Great Britain & Northern Ireland,2017-07-21,2017
51936,Timothy,Miller,Bizzle,615626.39,Fortnite,Battle Royale,North America,United States of America,2017-07-21,2017
62951,Diego,Lima,Arkhram,608416.68,Fortnite,Battle Royale,North America,United States of America,2017-07-21,2017
38125,Turner,Tenney,Tfue,594850.0,Fortnite,Battle Royale,North America,United States of America,2017-07-21,2017
52321,Anthony,Colandro,ZexRow,506099.73,Fortnite,Battle Royale,North America,United States of America,2017-07-21,2017
61243,Benjy David,Fish,BenjyFishy,496429.32,Fortnite,Battle Royale,Europe,United Kingdom of Great Britain & Northern Ireland,2017-07-21,2017
57463,Klaus,Konstanzer,stompy,492271.94,Fortnite,Battle Royale,Europe,"Austria, Republic of",2017-07-21,2017
63746,Brendan,Falconer,Falconer,482850.0,Fortnite,Battle Royale,North America,United States of America,2017-07-21,2017
56863,Nathan,Berquignol,Nayte,474562.23,Fortnite,Battle Royale,Europe,"France, French Republic",2017-07-21,2017
57614,Daniel,Walsh,Dubs,468099.99,Fortnite,Battle Royale,North America,United States of America,2017-07-21,2017
49822,Dennis,Lepore,Cloakzy,437975.0,Fortnite,Battle Royale,North America,United States of America,2017-07-21,2017
52428,Nate,Hill,Nate Hill,437369.11,Fortnite,Battle Royale,North America,United States of America,2017-07-21,2017
51579,Noah,Wright,Vivid,417366.67,Fortnite,Battle Royale,North America,United States of America,2017-07-21,2017
49559,Duong,Huynh,Kinstaar,414258.4,Fortnite,Battle Royale,Europe,"Switzerland, Swiss Confederation",2017-07-21,2017
61769,Noam,Ackenine,Megga,381283.32,Fortnite,Battle Royale,North America,United States of America,2017-07-21,2017
57617,River,Handley,Riversan,360841.67,Fortnite,Battle Royale,North America,United States of America,2017-07-21,2017
55994,Vinny,Gilgan,Vinny,350238.8,Fortnite,Battle Royale,North America,United States of America,2017-07-21,2017
55949,Jack,-,Cizzorz,345750.0,Fortnite,Battle Royale,North America,United States of America,2017-07-21,2017
65114,Tyler,-,hiimtylerh,341250.0,Fortnite,Battle Royale,North America,Canada,2017-07-21,2017
65115,Stephan,-,Suezhoo,341250.0,Fortnite,Battle Royale,Europe,"Belgium, Kingdom of",2017-07-21,2017
65116,-,-,Zand,341250.0,Fortnite,Battle Royale,Europe,"Denmark, Kingdom of",2017-07-21,2017
49926,Ryan,Chaplo,Chap,341066.67,Fortnite,Battle Royale,North America,United States of America,2017-07-21,2017
55138,Thomas,Hörak,Tschiiinken,326176.94,Fortnite,Battle Royale,Europe,"Austria, Republic of",2017-07-21,2017
49925,Jake,Brumleve,Poach,324900.0,Fortnite,Battle Royale,North America,United States of America,2017-07-21,2017
52429,Trevor,Siegler,FunkBomb,315616.67,Fortnite,Battle Royale,North America,United States of America,2017-07-21,2017
49923,Thomas,Mulligan,72hrs,310008.33,Fortnite,Battle Royale,North America,United States of America,2017-07-21,2017
49868,Pierre,Mesey,Vato,285707.09,Fortnite,Battle Royale,Europe,"Switzerland, Swiss Confederation",2017-07-21,2017
61171,Martin,Foss,MrSavage,271316.73,Fortnite,Battle Royale,Europe,"Norway, Kingdom of",2017-07-21,2017
50422,Domeniks,Bunts,Domentos,269887.84,Fortnite,Battle Royale,Europe,"Latvia, Republic of",2017-07-21,2017
51618,Malachi,Greiner,Reverse2k,255546.92,Fortnite,Battle Royale,North America,United States of America,2017-07-21,2017
62105,Cody,Conrod,Clix,250968.08,Fortnite,Battle Royale,North America,United States of America,2017-07-21,2017
53744,Austin,Etue,Morgausse,250938.56,Fortnite,Battle Royale,North America,United States of America,2017-07-21,2017
57599,Mack,Aesoph,MackWood,250525.0,Fortnite,Battle Royale,North America,United States of America,2017-07-21,2017
51884,Dylan,Moore,Dmo,243025.0,Fortnite,Battle Royale,North America,United States of America,2017-07-21,2017
64298,Jonathan,Weber,yung calculator,229850.77,Fortnite,Battle Royale,North America,United States of America,2017-07-21,2017
49561,Corentin,Tardif,Hunter,229464.98,Fortnite,Battle Royale,Europe,"France, French Republic",2017-07-21,2017
65746,William,Paquin-Brien,Fatch,228500.0,Fortnite,Battle Royale,North America,Canada,2017-07-21,2017
61277,Josh,Roach,Commandment,221752.32,Fortnite,Battle Royale,North America,United States of America,2017-07-21,2017
3591,Keenan,Santos,Rhux,217500.0,Fortnite,Battle Royale,North America,United States of America,2017-07-21,2017
61414,Calum,MacGillivray,itemm,215605.0,Fortnite,Battle Royale,Europe,United Kingdom of Great Britain & Northern Ireland,2017-07-21,2017
54842,Nick,McGuire,Aspect,215391.67,Fortnite,Battle Royale,North America,United States of America,2017-07-21,2017
51594,Adam,Boyer-Dræby,Boyer,210575.84,Fortnite,Battle Royale,Europe,"Denmark, Kingdom of",2017-07-21,2017
51909,Patrik,Zaharchenko,Pate1k,207201.06,Fortnite,Battle Royale,Europe,"Norway, Kingdom of",2017-07-21,2017
51924,Sven,Edelenbosch,Svennoss,205008.33,Fortnite,Battle Royale,Europe,"Netherlands, Kingdom of the",2017-07-21,2017
80698,Tai,Starčič,TaySon,200130.0,Fortnite,Battle Royale,Europe,"Slovenia, Republic of",2017-07-21,2017
51592,Liam,Fillery,Kamo,197139.97,Fortnite,Battle Royale,Europe,"Germany, Federal Republic of",2017-07-21,2017
62999,Fabian,Real,Derox,195617.67,Fortnite,Battle Royale,Europe,"Germany, Federal Republic of",2017-07-21,2017
51908,Yan,Kaur,Fwexy,193787.59,Fortnite,Battle Royale,Europe,Russian Federation,2017-07-21,2017
51908,Yan,Kaur,Fwexy,193787.59,Fortnite,Battle Royale,Asia,Russian Federation,2017-07-21,2017
56925,Mark,Danilov,Letw1k3,189482.52,Fortnite,Battle Royale,Europe,Russian Federation,2017-07-21,2017
56925,Mark,Danilov,Letw1k3,189482.52,Fortnite,Battle Royale,Asia,Russian Federation,2017-07-21,2017
51593,Artur,Kurshin,7ssk7,188358.03,Fortnite,Battle Royale,Europe,"Belarus, Republic of",2017-07-21,2017
63544,Jannis,Matwin,JannisZ,188212.42,Fortnite,Battle Royale,Europe,"Germany, Federal Republic of",2017-07-21,2017
80697,Thomas,Davidsen,Th0masHD,188090.0,Fortnite,Battle Royale,Europe,"Denmark, Kingdom of",2017-07-21,2017
61233,Alexandre,Christophe,Andilex,187095.73,Fortnite,Battle Royale,Europe,"France, French Republic",2017-07-21,2017
61777,Julio Cesar,Nevarez,Pika,182950.0,Fortnite,Battle Royale,North America,United States of America,2017-07-21,2017
44303,Klaivert,Dervishi,Teeqzy,179596.3,Fortnite,Battle Royale,Europe,"Belgium, Kingdom of",2017-07-21,2017
57084,Lassi,Kallio,BELAEU,178610.0,Fortnite,Battle Royale,Europe,"Finland, Republic of",2017-07-21,2017
66611,Endre,Byre,Endretta,176803.33,Fortnite,Battle Royale,Europe,"Norway, Kingdom of",2017-07-21,2017
3948,Karim,Benghalia,Aïrwaks,176598.27,Fortnite,Battle Royale,Europe,"Switzerland, Swiss Confederation",2017-07-21,2017
53745,Sean,Close,Sean,174733.33,Fortnite,Battle Royale,North America,Canada,2017-07-21,2017
56302,Felix,Hortlund,Wakie,174439.58,Fortnite,Battle Royale,Europe,"Sweden, Kingdom of",2017-07-21,2017
52287,Jamal,Saidayev,Jamside,172779.7,Fortnite,Battle Royale,Europe,Russian Federation,2017-07-21,2017
52287,Jamal,Saidayev,Jamside,172779.7,Fortnite,Battle Royale,Asia,Russian Federation,2017-07-21,2017
51619,Aydan,Conrad,Aydan,172583.33,Fortnite,Battle Royale,North America,United States of America,2017-07-21,2017
60945,Pontus,Bucht,Tchub,172400.0,Fortnite,Battle Royale,Europe,"Sweden, Kingdom of",2017-07-21,2017
55243,Howard,Castiaux,Noward,172385.27,Fortnite,Battle Royale,Europe,"Belgium, Kingdom of",2017-07-21,2017
52467,Blaž,Lešnik,K1nzell,167697.53,Fortnite,Battle Royale,Europe,"Slovenia, Republic of",2017-07-21,2017
57610,Evan,Barron,Cented,160410.62,Fortnite,Battle Royale,North America,Canada,2017-07-21,2017
61626,Dominick,Green,Unknown,159833.35,Fortnite,Battle Royale,North America,United States of America,2017-07-21,2017
56301,Alexander,Zayedli,Znappy,159160.84,Fortnite,Battle Royale,Europe,"Sweden, Kingdom of",2017-07-21,2017
51973,David,Bois,LeNain,158350.0,Fortnite,Battle Royale,North America,Canada,2017-07-21,2017
61776,Ben,Peterson,Edgey,153868.98,Fortnite,Battle Royale,North America,United States of America,2017-07-21,2017
49845,Maxime,Thomas,Blax,152619.67,Fortnite,Battle Royale,Europe,"France, French Republic",2017-07-21,2017
52283,Anthony,Waller,Tendons,150900.0,Fortnite,Battle Royale,North America,United States of America,2017-07-21,2017
51535,Jong Su,Lee,Peterpan,147050.0,Fortnite,Battle Royale,Asia,"Korea, Republic of",2017-07-21,2017
49841,Victor,Lopez,TheVic,144507.88,Fortnite,Battle Royale,Europe,"France, French Republic",2017-07-21,2017
65470,-,-,Furious,143908.34,Fortnite,Battle Royale,North America,United States of America,2017-07-21,2017
1219,Tyler,Blevins,Ninja,142413.56,Fortnite,Battle Royale,North America,United States of America,2017-07-21,2017
65087,-,-,4DRStorm,141158.34,Fortnite,Battle Royale,North America,United States of America,2017-07-21,2017
60950,Zygimantas,Navickas,Redrush,139936.26,Fortnite,Battle Royale,Europe,"Lithuania, Republic of",2017-07-21,2017
51581,Mason,Lanier,Symfuhny,139866.67,Fortnite,Battle Royale,North America,United States of America,2017-07-21,2017
49578,Nicolas,Frejavise,Nikof,137954.0,Fortnite,Battle Royale,Europe,"France, French Republic",2017-07-21,2017
62624,Moussa,Faour,Chapix,136820.0,Fortnite,Battle Royale,Europe,"Sweden, Kingdom of",2017-07-21,2017
62071,Jonas Colkær,Thomsen,Klusia,136810.0,Fortnite,Battle Royale,Europe,"Denmark, Kingdom of",2017-07-21,2017
64190,Kevin,Fedjuschkin,Letshe,135928.06,Fortnite,Battle Royale,Europe,"Germany, Federal Republic of",2017-07-21,2017
57034,Jordan,Tucker,Tuckz,134800.0,Fortnite,Battle Royale,Europe,United Kingdom of Great Britain & Northern Ireland,2017-07-21,2017
32000,Dong Jun,Kim,Rascal,331108.68,Overwatch,First-Person Shooter,Asia,"Korea, Republic of",2016-05-24,2016
40261,Nam Joo,Kwon,Striker,327424.24,Overwatch,First-Person Shooter,Asia,"Korea, Republic of",2016-05-24,2016
46828,Myeong Hwan,Yoo,smurf,322184.16,Overwatch,First-Person Shooter,Asia,"Korea, Republic of",2016-05-24,2016
36883,Hyo Bin,Choi,ChoiHyoBin,319657.2,Overwatch,First-Person Shooter,Asia,"Korea, Republic of",2016-05-24,2016
35563,Grant,Espe,Moth,314548.25,Overwatch,First-Person Shooter,North America,United States of America,2016-05-24,2016
35121,Matthew,DeLisi,super,312948.02,Overwatch,First-Person Shooter,North America,United States of America,2016-05-24,2016
50319,Min Ki,Park,Viol2t,308901.19,Overwatch,First-Person Shooter,Asia,"Korea, Republic of",2016-05-24,2016
37635,Jae Hee,Hong,Gesture,297730.97,Overwatch,First-Person Shooter,Asia,"Korea, Republic of",2016-05-24,2016
37636,Joon Yeong,Park,Profit,297730.97,Overwatch,First-Person Shooter,Asia,"Korea, Republic of",2016-05-24,2016
35351,Seung Tae,Choi,Bdosin,272689.65,Overwatch,First-Person Shooter,Asia,"Korea, Republic of",2016-05-24,2016
34117,Joo Seok,Lee,Twilight,267391.59,Overwatch,First-Person Shooter,Asia,"Korea, Republic of",2016-05-24,2016
37325,Jun Ho,Kim,Fury,222400.43,Overwatch,First-Person Shooter,Asia,"Korea, Republic of",2016-05-24,2016
34123,Ji Hyuk,Kim,birdring,208453.84,Overwatch,First-Person Shooter,Asia,"Korea, Republic of",2016-05-24,2016
37332,Won Sik,Jung,Closer,197480.74,Overwatch,First-Person Shooter,Asia,"Korea, Republic of",2016-05-24,2016
37389,Jong Seok,Kim,NUS,188479.09,Overwatch,First-Person Shooter,Asia,"Korea, Republic of",2016-05-24,2016
47221,Sung Jun,Kim,SLIME,186382.3,Overwatch,First-Person Shooter,Asia,"Korea, Republic of",2016-05-24,2016
27366,Andreas,Karlsson,Nevix,180755.36,Overwatch,First-Person Shooter,Europe,"Sweden, Kingdom of",2016-05-24,2016
34133,Jong Yeol,Park,Saebyeolbe,176385.68,Overwatch,First-Person Shooter,Asia,"Korea, Republic of",2016-05-24,2016
34701,Dong Gyu,Kim,Mano,168959.28,Overwatch,First-Person Shooter,Asia,"Korea, Republic of",2016-05-24,2016
37385,Hye Sung,Kim,Libero,167420.62,Overwatch,First-Person Shooter,Asia,"Korea, Republic of",2016-05-24,2016
37501,Choong Hui,Lee,Stitch,164396.18,Overwatch,First-Person Shooter,Asia,"Korea, Republic of",2016-05-24,2016
34175,Jay,Won,sinatraa,164363.81,Overwatch,First-Person Shooter,North America,United States of America,2016-05-24,2016
39996,Sean,Henderson,ta1yo,164025.25,Overwatch,First-Person Shooter,Asia,Japan,2016-05-24,2016
42786,Sung Hyeon,Bang,JJoNak,163336.4,Overwatch,First-Person Shooter,Asia,"Korea, Republic of",2016-05-24,2016
50329,Seon Chang,Lee,ANS,159911.85,Overwatch,First-Person Shooter,Asia,"Korea, Republic of",2016-05-24,2016
42667,Tae-seong,Jeong,ANAMO,159757.11,Overwatch,First-Person Shooter,Asia,"Korea, Republic of",2016-05-24,2016
37637,Dong Eun,Lee,Hooreg,157907.63,Overwatch,First-Person Shooter,Asia,"Korea, Republic of",2016-05-24,2016
40110,Min Ho,Park,Architect,157289.9,Overwatch,First-Person Shooter,Asia,"Korea, Republic of",2016-05-24,2016
32848,Jin Mo,Yang,tobi,157268.25,Overwatch,First-Person Shooter,Asia,"Korea, Republic of",2016-05-24,2016
40385,Hyeon Woo,Choi,JJANU,156207.98,Overwatch,First-Person Shooter,Asia,"Korea, Republic of",2016-05-24,2016
34159,Hyo Jong,Kim,Haksal,151472.42,Overwatch,First-Person Shooter,Asia,"Korea, Republic of",2016-05-24,2016
34132,Tae Hong,Kim,Mek0,149547.3,Overwatch,First-Person Shooter,Asia,"Korea, Republic of",2016-05-24,2016
32172,Do Hyun,Kim,pine,138012.28,Overwatch,First-Person Shooter,Asia,"Korea, Republic of",2016-05-24,2016
37341,Min-hyuk,Choi,Michelle,131615.34,Overwatch,First-Person Shooter,Asia,"Korea, Republic of",2016-05-24,2016
37502,Sang Beom,Park,BUMPER,128681.89,Overwatch,First-Person Shooter,Asia,"Korea, Republic of",2016-05-24,2016
36891,Yeon Joon,Hong,ArK,113666.44,Overwatch,First-Person Shooter,Asia,"Korea, Republic of",2016-05-24,2016
42796,Min Seo,Hwang,Marve1,111871.29,Overwatch,First-Person Shooter,Asia,"Korea, Republic of",2016-05-24,2016
40107,Jun Woo,Kang,Void,110435.01,Overwatch,First-Person Shooter,Asia,"Korea, Republic of",2016-05-24,2016
50327,Jae Min,Park,ILLICIT,108240.14,Overwatch,First-Person Shooter,Asia,"Korea, Republic of",2016-05-24,2016
42942,Min Soo,Seo,SeoMinSoo,107535.84,Overwatch,First-Person Shooter,Asia,"Korea, Republic of",2016-05-24,2016
57262,Dong Eon,Kim,Fits,104737.26,Overwatch,First-Person Shooter,Asia,"Korea, Republic of",2016-05-24,2016
42891,Jun Geun,Kim,Rapel,104074.27,Overwatch,First-Person Shooter,Asia,"Korea, Republic of",2016-05-24,2016
11233,Isaac,Charles,Boombox,98285.03,Overwatch,First-Person Shooter,Europe,United Kingdom of Great Britain & Northern Ireland,2016-05-24,2016
44173,Daniel,Hathaway,FunnyAstro,96906.13,Overwatch,First-Person Shooter,Europe,United Kingdom of Great Britain & Northern Ireland,2016-05-24,2016
37331,Min Seong,Bae,diem,94244.74,Overwatch,First-Person Shooter,Asia,"Korea, Republic of",2016-05-24,2016
39790,Yeon Kwan,Jeong,Nenne,91413.27,Overwatch,First-Person Shooter,Asia,"Korea, Republic of",2016-05-24,2016
37497,Jae Hyeok,Lee,Carpe,91158.55,Overwatch,First-Person Shooter,Asia,"Korea, Republic of",2016-05-24,2016
47237,Young Wan,Kim,Creative,90485.05,Overwatch,First-Person Shooter,Asia,"Korea, Republic of",2016-05-24,2016
34401,Gael,Gouzerch,Poko,90439.44,Overwatch,First-Person Shooter,Europe,"France, French Republic",2016-05-24,2016
4742,Terence,Tarlier,SoOn,90428.77,Overwatch,First-Person Shooter,Europe,"France, French Republic",2016-05-24,2016
37322,Jang Hyeon,Hwang,TiZi,88443.76,Overwatch,First-Person Shooter,Asia,"Korea, Republic of",2016-05-24,2016
34131,Joong Hwa,Song,janus,86293.32,Overwatch,First-Person Shooter,Asia,"Korea, Republic of",2016-05-24,2016
37493,Byeong Seon,Kim,Fleta,86277.6,Overwatch,First-Person Shooter,Asia,"Korea, Republic of",2016-05-24,2016
32847,Je Hong,Ryu,Ryujehong,85804.45,Overwatch,First-Person Shooter,Asia,"Korea, Republic of",2016-05-24,2016
32430,Weida,Lu,Diya,83845.32,Overwatch,First-Person Shooter,Asia,"China, People's Republic of",2016-05-24,2016
40620,Josh,Corona,Eqo,83532.82,Overwatch,First-Person Shooter,Asia,"Israel, State of",2016-05-24,2016
32174,Yeon Oh,Hwang,Fl0w3R,83235.77,Overwatch,First-Person Shooter,Asia,"Korea, Republic of",2016-05-24,2016
27821,Lane,Roberts,Surefour,82724.04,Overwatch,First-Person Shooter,North America,Canada,2016-05-24,2016
50325,Min Chul,Kim,Izayaki,82630.1,Overwatch,First-Person Shooter,Asia,"Korea, Republic of",2016-05-24,2016
43167,Su Min,Kim,SADO,82032.82,Overwatch,First-Person Shooter,Asia,"Korea, Republic of",2016-05-24,2016
37996,Simon,Ekström,snillo,81812.25,Overwatch,First-Person Shooter,Europe,"Sweden, Kingdom of",2016-05-24,2016
34712,Seong Hyeon,Yang,Luffy,81363.59,Overwatch,First-Person Shooter,Asia,"Korea, Republic of",2016-05-24,2016
42669,Min Seok,Kwon,AimGod,78260.01,Overwatch,First-Person Shooter,Asia,"Korea, Republic of",2016-05-24,2016
36889,Chang Hoon,Gye,r0ar,78144.21,Overwatch,First-Person Shooter,Asia,"Korea, Republic of",2016-05-24,2016
40108,Gui Un,Jang,Decay,77756.89,Overwatch,First-Person Shooter,Asia,"Korea, Republic of",2016-05-24,2016
31919,Jonas,Suovaara,Shaz,77723.5,Overwatch,First-Person Shooter,Europe,"Finland, Republic of",2016-05-24,2016
36781,Benjamin,Isohanni,BigG00se,77014.11,Overwatch,First-Person Shooter,Europe,"Finland, Republic of",2016-05-24,2016
36791,Seung Joon,Lee,Whoru,75756.09,Overwatch,First-Person Shooter,Asia,"Korea, Republic of",2016-05-24,2016
35349,Jin Hyeok,Yang,DDing,74902.37,Overwatch,First-Person Shooter,Asia,"Korea, Republic of",2016-05-24,2016
55703,Jae Gon,Lee,LeeJaeGon,74175.89,Overwatch,First-Person Shooter,Asia,"Korea, Republic of",2016-05-24,2016
34118,Kyung Ho,Kim,Alarm,73478.37,Overwatch,First-Person Shooter,Asia,"Korea, Republic of",2016-05-24,2016
33998,Joon Hyuk,Kim,zunba,72886.36,Overwatch,First-Person Shooter,Asia,"Korea, Republic of",2016-05-24,2016
31156,Se Yeon,Kim,Geguri,70298.68,Overwatch,First-Person Shooter,Asia,"Korea, Republic of",2016-05-24,2016
10750,Joona,Laine,fragi,70255.34,Overwatch,First-Person Shooter,Europe,"Finland, Republic of",2016-05-24,2016
47123,Blake,Scott,Gator,69918.09,Overwatch,First-Person Shooter,North America,United States of America,2016-05-24,2016
39792,Hong Joon,Choi,HOTBA,68984.11,Overwatch,First-Person Shooter,Asia,"Korea, Republic of",2016-05-24,2016
5238,Alberto,Gonzales Molinillo,neptuNo,67619.01,Overwatch,First-Person Shooter,Europe,"Spain, Kingdom of",2016-05-24,2016
36884,Da Un,Jeong,NoSmite,67246.48,Overwatch,First-Person Shooter,Asia,"Korea, Republic of",2016-05-24,2016
11780,Seb,Barton,numlocked,66306.23,Overwatch,First-Person Shooter,Europe,United Kingdom of Great Britain & Northern Ireland,2016-05-24,2016
37395,Joon,Jeong,Erster,66165.46,Overwatch,First-Person Shooter,Asia,"Korea, Republic of",2016-05-24,2016
52500,Hee Su,Jeong,Heesu,64783.08,Overwatch,First-Person Shooter,Asia,"Korea, Republic of",2016-05-24,2016
21798,George,Gushcha,ShaDowBurn,63953.84,Overwatch,First-Person Shooter,Europe,Russian Federation,2016-05-24,2016
21798,George,Gushcha,ShaDowBurn,63953.84,Overwatch,First-Person Shooter,Asia,Russian Federation,2016-05-24,2016
32098,Brady,Girardi,Agilities,62069.85,Overwatch,First-Person Shooter,North America,Canada,2016-05-24,2016
38995,Ho Jin,Park,IDK,61950.86,Overwatch,First-Person Shooter,Asia,"Korea, Republic of",2016-05-24,2016
35356,João Pedro,Telles,Hydration,61460.24,Overwatch,First-Person Shooter,South America,"Brazil, Federative Republic of",2016-05-24,2016
13853,Ji Won,Seo,Stand1,61459.02,Overwatch,First-Person Shooter,Asia,"Korea, Republic of",2016-05-24,2016
27563,Timo,Kettunen,Taimou,61027.02,Overwatch,First-Person Shooter,Europe,"Finland, Republic of",2016-05-24,2016
42209,Xu,Qiulin,guxue,59154.54,Overwatch,First-Person Shooter,Asia,"China, People's Republic of",2016-05-24,2016
27565,Jonathan,Rua,HarryHook,58718.69,Overwatch,First-Person Shooter,Europe,"Spain, Kingdom of",2016-05-24,2016
2339,Sebastian,Widlund,chipshajen,56549.85,Overwatch,First-Person Shooter,Europe,"Sweden, Kingdom of",2016-05-24,2016
29757,Joe,Gramano,Joemeister,55676.28,Overwatch,First-Person Shooter,North America,Canada,2016-05-24,2016
37330,Pan Seung,Koo,FaTe,55538.23,Overwatch,First-Person Shooter,Asia,"Korea, Republic of",2016-05-24,2016
36795,Indy,Halpern,SPACE,55453.17,Overwatch,First-Person Shooter,North America,United States of America,2016-05-24,2016
3482,Dylan,Bignet,aKm,54391.23,Overwatch,First-Person Shooter,Europe,"France, French Republic",2016-05-24,2016
4747,Benjamin,Chevasson,unKOE,54391.23,Overwatch,First-Person Shooter,Europe,"France, French Republic",2016-05-24,2016
37638,Hyeon Woo,Jo,HagoPeun,54290.66,Overwatch,First-Person Shooter,Asia,"Korea, Republic of",2016-05-24,2016
42893,Eui Seok,Lee,Fearless,54215.94,Overwatch,First-Person Shooter,Asia,"Korea, Republic of",2016-05-24,2016
34125,Byung Ho,Lee,Panker,54037.27,Overwatch,First-Person Shooter,Asia,"Korea, Republic of",2016-05-24,2016
28443,Scott,Kennedy,Custa,53759.68,Overwatch,First-Person Shooter,Oceania,"Australia, Commonwealth of",2016-05-24,2016
36882,Kyeon Bo,Kim,GodsB,53293.7,Overwatch,First-Person Shooter,Asia,"Korea, Republic of",2016-05-24,2016
5513,Joona,Sotala,Serral,893336.55,Starcraft II,Strategy,Europe,"Finland, Republic of",2010-07-27,2010
1126,Sung Choo,Cho,Maru,886795.83,Starcraft II,Strategy,Asia,"Korea, Republic of",2010-07-27,2010
4070,Byung Ryul,Lee,Rogue,883148.24,Starcraft II,Strategy,Asia,"Korea, Republic of",2010-07-27,2010
3620,Ryung Woo,Park,Dark,794627.39,Starcraft II,Strategy,Asia,"Korea, Republic of",2010-07-27,2010
2268,Shin Hyung,Lee,INnoVation,762437.0,Starcraft II,Strategy,Asia,"Korea, Republic of",2010-07-27,2010
2224,Tae Yang,Jun,TY,673162.61,Starcraft II,Strategy,Asia,"Korea, Republic of",2010-07-27,2010
2236,Dae Yeob,Kim,Stats,631829.71,Starcraft II,Strategy,Asia,"Korea, Republic of",2010-07-27,2010
2272,Yoo Jin,Kim,sOs,628026.1,Starcraft II,Strategy,Asia,"Korea, Republic of",2010-07-27,2010
3481,Yoon Su,Eu,soO,616412.36,Starcraft II,Strategy,Asia,"Korea, Republic of",2010-07-27,2010
4674,Sung Wook,Joo,Zest,558114.07,Starcraft II,Strategy,Asia,"Korea, Republic of",2010-07-27,2010
3818,Alex,Sunderhaft,Neeb,523847.63,Starcraft II,Strategy,North America,United States of America,2010-07-27,2010
1000,Min Chul,Jang,MC,509771.79,Starcraft II,Strategy,Asia,"Korea, Republic of",2010-07-27,2010
2271,Doh Woo,Kim,Classic,479324.03,Starcraft II,Strategy,Asia,"Korea, Republic of",2010-07-27,2010
1429,Seung Hyun,Lee,Life,475900.67,Starcraft II,Strategy,Asia,"Korea, Republic of",2010-07-27,2010
1003,Sung Hoon,Choi,Polt,451943.24,Starcraft II,Strategy,Asia,"Korea, Republic of",2010-07-27,2010
1132,Lee Sak,Won,PartinG,427239.54,Starcraft II,Strategy,Asia,"Korea, Republic of",2010-07-27,2010
1017,Hyun Woo,Byun,Byun,415145.07,Starcraft II,Strategy,Asia,"Korea, Republic of",2010-07-27,2010
1007,Sung Won,Moon,MMA,407169.17,Starcraft II,Strategy,Asia,"Korea, Republic of",2010-07-27,2010
1002,Jong Hyun,Jung,Mvp,404994.83,Starcraft II,Strategy,Asia,"Korea, Republic of",2010-07-27,2010
2280,Sasha,Hostyn,Scarlett,388919.99,Starcraft II,Strategy,North America,Canada,2010-07-27,2010
1175,Juan Carlos,Lopez,SpeCial,377144.16,Starcraft II,Strategy,North America,"Mexico, United Mexican States",2010-07-27,2010
1257,Jens,Aasgaard,Snute,372788.71,Starcraft II,Strategy,Europe,"Norway, Kingdom of",2010-07-27,2010
1227,Artur,Bloch,Nerchio,371725.19,Starcraft II,Strategy,Europe,"Poland, Republic of",2010-07-27,2010
3657,Min Soo,Kang,Solar,363307.59,Starcraft II,Strategy,Asia,"Korea, Republic of",2010-07-27,2010
3042,Joon Ho,Kim,herO,341093.28,Starcraft II,Strategy,Asia,"Korea, Republic of",2010-07-27,2010
1158,Ilyes,Satouri,Stephano,304291.61,Starcraft II,Strategy,Europe,"France, French Republic",2010-07-27,2010
1061,Young Suh,Yoon,TaeJa,303679.63,Starcraft II,Strategy,Asia,"Korea, Republic of",2010-07-27,2010
15015,Riccardo,Romiti,Reynor,298622.85,Starcraft II,Strategy,Europe,"Italy, Italian Republic",2010-07-27,2010
1057,Soo Ho,Park,DongRaeGu,289675.08,Starcraft II,Strategy,Asia,"Korea, Republic of",2010-07-27,2010
1025,Dong Nyung,Lee,Leenock,288257.14,Starcraft II,Strategy,Asia,"Korea, Republic of",2010-07-27,2010
1001,Jae Duk,Lim,NesTea,288225.07,Starcraft II,Strategy,Asia,"Korea, Republic of",2010-07-27,2010
3811,Tobias,Sieber,ShoWTimE,282135.93,Starcraft II,Strategy,Europe,"Germany, Federal Republic of",2010-07-27,2010
3435,Sung Ho,Cho,Trap,280334.78,Starcraft II,Strategy,Asia,"Korea, Republic of",2010-07-27,2010
1030,Ji Sung,Choi,Bomber,265914.84,Starcraft II,Strategy,Asia,"Korea, Republic of",2010-07-27,2010
11418,Mikołaj,Ogonowski,Elazer,264095.3,Starcraft II,Strategy,Europe,"Poland, Republic of",2010-07-27,2010
1086,Hyeon Deok,Song,HerO,261892.87,Starcraft II,Strategy,Asia,"Korea, Republic of",2010-07-27,2010
2274,Dong Jun,Baek,Dear,243027.72,Starcraft II,Strategy,Asia,"Korea, Republic of",2010-07-27,2010
3041,Yoon Jong,Jung,Rain,236690.51,Starcraft II,Strategy,Asia,"Korea, Republic of",2010-07-27,2010
1426,Seok Hyun,Ko,HyuN,233783.91,Starcraft II,Strategy,Asia,"Korea, Republic of",2010-07-27,2010
1064,Byung Jae,Koh,GuMiho,227008.15,Starcraft II,Strategy,Asia,"Korea, Republic of",2010-07-27,2010
1507,Jae Dong,Lee,Jaedong,224833.53,Starcraft II,Strategy,Asia,"Korea, Republic of",2010-07-27,2010
1225,Grzegorz,Komincz,MaNa,218911.98,Starcraft II,Strategy,Europe,"Poland, Republic of",2010-07-27,2010
1004,Jung Hoon,Lee,MarineKing,212397.14,Starcraft II,Strategy,Asia,"Korea, Republic of",2010-07-27,2010
1033,Lee Seok,Han,aLive,204079.55,Starcraft II,Strategy,Asia,"Korea, Republic of",2010-07-27,2010
3651,Tae Su,Bang,TRUE,189776.99,Starcraft II,Strategy,Asia,"Korea, Republic of",2010-07-27,2010
19597,Peinan,Li,TIME,184811.62,Starcraft II,Strategy,Asia,"China, People's Republic of",2010-07-27,2010
1052,Dong Hwan,Kim,viOLet,183568.96,Starcraft II,Strategy,Asia,"Korea, Republic of",2010-07-27,2010
1094,Johan,Lucchesi,NaNiwa,177659.71,Starcraft II,Strategy,Europe,"Sweden, Kingdom of",2010-07-27,2010
7995,Zhou,Hang,iAsonu,172891.85,Starcraft II,Strategy,Asia,"China, People's Republic of",2010-07-27,2010
3518,Gabriel,Segat,HeRoMaRinE,167442.47,Starcraft II,Strategy,Europe,"Germany, Federal Republic of",2010-07-27,2010
6180,Diego,Schwimer,Kelazhur,158091.74,Starcraft II,Strategy,South America,"Brazil, Federative Republic of",2010-07-27,2010
4977,Ji Hyun,Jo,Patience,155836.32,Starcraft II,Strategy,Asia,"Korea, Republic of",2010-07-27,2010
2230,Min Chul,Kim,Soulkey,153116.49,Starcraft II,Strategy,Asia,"Korea, Republic of",2010-07-27,2010
2620,Marc,Schlappi,uThermal,150578.81,Starcraft II,Strategy,Europe,"Netherlands, Kingdom of the",2010-07-27,2010
7999,Doh Wook,Kim,Cure,149003.23,Starcraft II,Strategy,Asia,"Korea, Republic of",2010-07-27,2010
1020,Chris,Loranger,HuK,148758.87,Starcraft II,Strategy,North America,Canada,2010-07-27,2010
5420,Yu Feng,Ke,Has,148558.05,Starcraft II,Strategy,Asia,Taiwan,2010-07-27,2010
2221,Dong Won,Shin,Hydra,147459.89,Starcraft II,Strategy,Asia,"Korea, Republic of",2010-07-27,2010
1129,Ji Soo,Park,fOrGG,147378.95,Starcraft II,Strategy,Asia,"Korea, Republic of",2010-07-27,2010
1174,Ho Joon,Lee,PuMa,143862.24,Starcraft II,Strategy,Asia,"Korea, Republic of",2010-07-27,2010
2775,Hui Ming,Huang,TooDming,142369.56,Starcraft II,Strategy,Asia,"China, People's Republic of",2010-07-27,2010
1080,Hyun Woo,Jang,Creator,141938.84,Starcraft II,Strategy,Asia,"Korea, Republic of",2010-07-27,2010
1076,Chia Cheng,Yang,Sen,141662.54,Starcraft II,Strategy,Asia,Taiwan,2010-07-27,2010
1239,Lei,Wang,XiGua,134300.51,Starcraft II,Strategy,Asia,"China, People's Republic of",2010-07-27,2010
1024,Hoon Jung,Ji,Jjakji,133917.25,Starcraft II,Strategy,Asia,"Korea, Republic of",2010-07-27,2010
3742,Maru,Kim,MaSa,132306.1,Starcraft II,Strategy,North America,Canada,2010-07-27,2010
8570,Théo,Freydière,PtitDrogo,130550.93,Starcraft II,Strategy,Europe,"France, French Republic",2010-07-27,2010
1285,Aleksandr,Svusuyk,Bly,127688.41,Starcraft II,Strategy,Europe,Ukraine,2010-07-27,2010
1236,Jin,Hui Cao,Jim,125173.05,Starcraft II,Strategy,Asia,"China, People's Republic of",2010-07-27,2010
1165,Dario,Wünsch,TLO,115102.67,Starcraft II,Strategy,Europe,"Germany, Federal Republic of",2010-07-27,2010
3616,Ji Won,Han,ByuL,114416.73,Starcraft II,Strategy,Asia,"Korea, Republic of",2010-07-27,2010
1009,Kang Ho,Hwang,LosirA,114305.31,Starcraft II,Strategy,Asia,"Korea, Republic of",2010-07-27,2010
3521,Seok Hee,Son,StarDust,111579.95,Starcraft II,Strategy,Asia,"Korea, Republic of",2010-07-27,2010
1430,Xiang,Hu,MacSed,111540.17,Starcraft II,Strategy,Asia,"China, People's Republic of",2010-07-27,2010
3613,Kevin,de Koning,Harstem,109736.18,Starcraft II,Strategy,Europe,"Netherlands, Kingdom of the",2010-07-27,2010
1011,Cho-Won,Kang,san,109440.09,Starcraft II,Strategy,Asia,"Korea, Republic of",2010-07-27,2010
1029,Dong Won,Kim,Ryung,108009.18,Starcraft II,Strategy,Asia,"Korea, Republic of",2010-07-27,2010
1081,Joong Hyuk,Cho,Dream,103798.04,Starcraft II,Strategy,Asia,"Korea, Republic of",2010-07-27,2010
1037,Won Ki,Kim,FruitDealer,102860.5,Starcraft II,Strategy,Asia,"Korea, Republic of",2010-07-27,2010
1123,Marcus,Eklöf,ThorZaIN,102682.9,Starcraft II,Strategy,Europe,"Sweden, Kingdom of",2010-07-27,2010
1280,Juan,Moreno Durán,VortiX,100271.58,Starcraft II,Strategy,Europe,"Spain, Kingdom of",2010-07-27,2010
4712,Joon Hyuk,Kim,Impact,97741.11,Starcraft II,Strategy,Asia,"Korea, Republic of",2010-07-27,2010
7891,Julian,Brosig,Lambo,96604.3,Starcraft II,Strategy,Europe,"Germany, Federal Republic of",2010-07-27,2010
3655,Ki Woong,Nam,Hurricane,96034.27,Starcraft II,Strategy,Asia,"Korea, Republic of",2010-07-27,2010
1034,Joon Sik,Yang,Alicia,94907.1,Starcraft II,Strategy,Asia,"Korea, Republic of",2010-07-27,2010
1135,Dong Hyun,Kang,Symbol,94856.43,Starcraft II,Strategy,Asia,"Korea, Republic of",2010-07-27,2010
3441,Hee Bum,Shin,RagnaroK,93903.11,Starcraft II,Strategy,Asia,"Korea, Republic of",2010-07-27,2010
1036,Kyo Seok,Hwang,KeeN,93866.46,Starcraft II,Strategy,Asia,"Korea, Republic of",2010-07-27,2010
1018,Min Soo,Jung,Genius,93775.14,Starcraft II,Strategy,Asia,"Korea, Republic of",2010-07-27,2010
1070,Hyun Woo,Park,Squirtle,92282.22,Starcraft II,Strategy,Asia,"Korea, Republic of",2010-07-27,2010
7992,David,Moschetto,Lilbow,91850.98,Starcraft II,Strategy,Europe,"France, French Republic",2010-07-27,2010
14540,Huang,Min,Cyan,90452.98,Starcraft II,Strategy,Asia,"China, People's Republic of",2010-07-27,2010
1505,Young Ho,Lee,Flash,90152.64,Starcraft II,Strategy,Asia,"Korea, Republic of",2010-07-27,2010
2890,Hyun Woo,Kang,First,89725.4,Starcraft II,Strategy,Asia,"Korea, Republic of",2010-07-27,2010
4574,Alexis,Eusebio,MarineLorD,86634.27,Starcraft II,Strategy,Europe,"France, French Republic",2010-07-27,2010
1233,Dennis,Schneider,HasuObs,84794.99,Starcraft II,Strategy,Europe,"Germany, Federal Republic of",2010-07-27,2010
3091,Patrick,Brix,Bunny,84195.98,Starcraft II,Strategy,Europe,"Denmark, Kingdom of",2010-07-27,2010
1082,Byung Hyun,Choi,YoDa,84119.07,Starcraft II,Strategy,Asia,"Korea, Republic of",2010-07-27,2010
2795,Rickard,Bergman,SortOf,83622.52,Starcraft II,Strategy,Europe,"Sweden, Kingdom of",2010-07-27,2010
2833,Yao,Xiang,XY,81795.94,Starcraft II,Strategy,Asia,"China, People's Republic of",2010-07-27,2010
19968,Won Ho,Jeong,KyoCha,464560.82,Heroes of the Storm,Multiplayer Online Battle Arena,Asia,"Korea, Republic of",2015-06-02,2015
18570,Jung Hyeog,Lee,sake,462790.78,Heroes of the Storm,Multiplayer Online Battle Arena,Asia,"Korea, Republic of",2015-06-02,2015
15718,Jae Won,Lee,Rich,427923.28,Heroes of the Storm,Multiplayer Online Battle Arena,Asia,"Korea, Republic of",2015-06-02,2015
18568,Jin Woo,Im,Reset,360093.52,Heroes of the Storm,Multiplayer Online Battle Arena,Asia,"Korea, Republic of",2015-06-02,2015
15724,Woon Sung,Kang,Ttsst,353715.98,Heroes of the Storm,Multiplayer Online Battle Arena,Asia,"Korea, Republic of",2015-06-02,2015
17549,Jonathan,Gunnarsson,Wubby,264826.14,Heroes of the Storm,Multiplayer Online Battle Arena,Europe,"Sweden, Kingdom of",2015-06-02,2015
1014,Seung Chul,Kim,sCsC,239311.62,Heroes of the Storm,Multiplayer Online Battle Arena,Asia,"Korea, Republic of",2015-06-02,2015
15602,Joshua,Bennett,Snitch,238798.57,Heroes of the Storm,Multiplayer Online Battle Arena,Europe,United Kingdom of Great Britain & Northern Ireland,2015-06-02,2015
16241,Jérome,Trinh,JayPL,229170.87,Heroes of the Storm,Multiplayer Online Battle Arena,Europe,"France, French Republic",2015-06-02,2015
21221,Ji Hoon,Yoon,Sign,211104.46,Heroes of the Storm,Multiplayer Online Battle Arena,Asia,"Korea, Republic of",2015-06-02,2015
23618,Jeong Ha,Lee,Jeongha,200447.42,Heroes of the Storm,Multiplayer Online Battle Arena,Asia,"Korea, Republic of",2015-06-02,2015
15751,Simon,Svensson,Schwimpi,191647.23,Heroes of the Storm,Multiplayer Online Battle Arena,Europe,"Sweden, Kingdom of",2015-06-02,2015
15748,Pontus,Sjogren,Breez,187978.31,Heroes of the Storm,Multiplayer Online Battle Arena,Europe,"Sweden, Kingdom of",2015-06-02,2015
18573,Tae Jun,Lee,merryday,184790.78,Heroes of the Storm,Multiplayer Online Battle Arena,Asia,"Korea, Republic of",2015-06-02,2015
22236,Filip,Liljeström,Smexystyle,184411.26,Heroes of the Storm,Multiplayer Online Battle Arena,Europe,"Sweden, Kingdom of",2015-06-02,2015
11920,Dob,Engström,QuackNiix,180964.31,Heroes of the Storm,Multiplayer Online Battle Arena,Europe,"Sweden, Kingdom of",2015-06-02,2015
1049,Do Joon,Chae,Noblesse,164811.62,Heroes of the Storm,Multiplayer Online Battle Arena,Asia,"Korea, Republic of",2015-06-02,2015
18572,Jae Hun,Jin,Lockdown,156959.11,Heroes of the Storm,Multiplayer Online Battle Arena,Asia,"Korea, Republic of",2015-06-02,2015
28356,Seung Won,Kim,Swoy,151828.25,Heroes of the Storm,Multiplayer Online Battle Arena,Asia,"Korea, Republic of",2015-06-02,2015
15426,Fan,Yang,Fan,149291.76,Heroes of the Storm,Multiplayer Online Battle Arena,North America,United States of America,2015-06-02,2015
30547,Kenn Øster,Rasmussen,Zaelia,147500.0,Heroes of the Storm,Multiplayer Online Battle Arena,Europe,"Denmark, Kingdom of",2015-06-02,2015
25039,Jin Su,Park,NachoJin,146932.17,Heroes of the Storm,Multiplayer Online Battle Arena,Asia,"Korea, Republic of",2015-06-02,2015
20908,Thomas,Cailleux,Ménè,145068.51,Heroes of the Storm,Multiplayer Online Battle Arena,Europe,"France, French Republic",2015-06-02,2015
14529,John Paul,Lopez,KingCaffeine,138297.16,Heroes of the Storm,Multiplayer Online Battle Arena,North America,United States of America,2015-06-02,2015
12075,Keiwan,Itakura,k1,138237.16,Heroes of the Storm,Multiplayer Online Battle Arena,North America,United States of America,2015-06-02,2015
14011,James,Baker,Bakery,134818.57,Heroes of the Storm,Multiplayer Online Battle Arena,Europe,United Kingdom of Great Britain & Northern Ireland,2015-06-02,2015
1091,Tae Hoon,Kwon,Sniper,128659.74,Heroes of the Storm,Multiplayer Online Battle Arena,Asia,"Korea, Republic of",2015-06-02,2015
18569,Yeong Hwan,Jing,Hide,123398.02,Heroes of the Storm,Multiplayer Online Battle Arena,Asia,"Korea, Republic of",2015-06-02,2015
16733,Lunhan,Kang,XingC,122420.01,Heroes of the Storm,Multiplayer Online Battle Arena,Asia,"China, People's Republic of",2015-06-02,2015
7405,Lawrence,Harper,Atheroangel,120263.57,Heroes of the Storm,Multiplayer Online Battle Arena,Europe,United Kingdom of Great Britain & Northern Ireland,2015-06-02,2015
14972,Vilhem,Flennmark,POILK,114751.8,Heroes of the Storm,Multiplayer Online Battle Arena,Europe,"Sweden, Kingdom of",2015-06-02,2015
18797,Hanfei,Chen,Tiger,114207.06,Heroes of the Storm,Multiplayer Online Battle Arena,Asia,"China, People's Republic of",2015-06-02,2015
6565,Kun,Fang,iDream,112337.16,Heroes of the Storm,Multiplayer Online Battle Arena,Asia,"China, People's Republic of",2015-06-02,2015
16730,Zhihao,Wu,Tumi,112170.41,Heroes of the Storm,Multiplayer Online Battle Arena,Asia,"China, People's Republic of",2015-06-02,2015
1233,Dennis,Schneider,HasuObs,110050.76,Heroes of the Storm,Multiplayer Online Battle Arena,Europe,"Germany, Federal Republic of",2015-06-02,2015
23619,Ju Dam,Park,dami,109714.8,Heroes of the Storm,Multiplayer Online Battle Arena,Asia,"Korea, Republic of",2015-06-02,2015
14122,Lyubomir,Kozlovski,Splendour,106462.18,Heroes of the Storm,Multiplayer Online Battle Arena,Europe,"Bulgaria, Republic of",2015-06-02,2015
20208,Xiangzhi,Zheng,melodyC,106288.65,Heroes of the Storm,Multiplayer Online Battle Arena,Asia,"China, People's Republic of",2015-06-02,2015
15735,Ben,Bunk,Cattlepillar,105541.2,Heroes of the Storm,Multiplayer Online Battle Arena,Europe,"Germany, Federal Republic of",2015-06-02,2015
14440,Adrian,Wójcik,adrd,103282.92,Heroes of the Storm,Multiplayer Online Battle Arena,Europe,"Poland, Republic of",2015-06-02,2015
12389,Nils,Gebhardt,Nurok,102971.54,Heroes of the Storm,Multiplayer Online Battle Arena,Europe,"Germany, Federal Republic of",2015-06-02,2015
14531,Mike,Fisk,Glaurung,97856.2,Heroes of the Storm,Multiplayer Online Battle Arena,North America,United States of America,2015-06-02,2015
16732,Tuo,Li,NccCc,97833.37,Heroes of the Storm,Multiplayer Online Battle Arena,Asia,"China, People's Republic of",2015-06-02,2015
2805,Chris,Buechter,Zuna,94813.8,Heroes of the Storm,Multiplayer Online Battle Arena,North America,United States of America,2015-06-02,2015
15750,Alexander,Milanov,ethernal,93149.29,Heroes of the Storm,Multiplayer Online Battle Arena,Europe,"Bulgaria, Republic of",2015-06-02,2015
1134,Ki Soo,Han,CrazymoviNG,93131.84,Heroes of the Storm,Multiplayer Online Battle Arena,Asia,"Korea, Republic of",2015-06-02,2015
26616,Jun,Jang,Jun,92591.2,Heroes of the Storm,Multiplayer Online Battle Arena,Asia,"Korea, Republic of",2015-06-02,2015
28605,Jong Hoon,Park,Hooligan,92397.81,Heroes of the Storm,Multiplayer Online Battle Arena,Asia,"Korea, Republic of",2015-06-02,2015
14564,Lizhong,Zhou,Misaka,90136.72,Heroes of the Storm,Multiplayer Online Battle Arena,Asia,"China, People's Republic of",2015-06-02,2015
15431,Manny,Medina,Fury,89529.34,Heroes of the Storm,Multiplayer Online Battle Arena,North America,United States of America,2015-06-02,2015
23617,Dae Hyung,Lee,Hongcono,89214.8,Heroes of the Storm,Multiplayer Online Battle Arena,Asia,"Korea, Republic of",2015-06-02,2015
1352,Li Wei,Sun,xiaOt,88040.91,Heroes of the Storm,Multiplayer Online Battle Arena,Asia,"China, People's Republic of",2015-06-02,2015
7208,Guo,Jiayi,Gemini,87834.52,Heroes of the Storm,Multiplayer Online Battle Arena,Asia,"China, People's Republic of",2015-06-02,2015
14568,Hao,Pu,m,86588.9,Heroes of the Storm,Multiplayer Online Battle Arena,Asia,"China, People's Republic of",2015-06-02,2015
6023,Jae Hyun,Park,JaeHyun,85836.53,Heroes of the Storm,Multiplayer Online Battle Arena,Asia,"Korea, Republic of",2015-06-02,2015
22243,Simon,Tabin,Darkmok,85535.96,Heroes of the Storm,Multiplayer Online Battle Arena,Europe,"Germany, Federal Republic of",2015-06-02,2015
38902,Hyun Tae,Kim,SDE,84500.0,Heroes of the Storm,Multiplayer Online Battle Arena,Asia,"Korea, Republic of",2015-06-02,2015
17414,Alexander,Grumstrup,AlexTheProG,83962.45,Heroes of the Storm,Multiplayer Online Battle Arena,Europe,"Denmark, Kingdom of",2015-06-02,2015
25047,Harrison,Chang,psalm,80661.2,Heroes of the Storm,Multiplayer Online Battle Arena,North America,United States of America,2015-06-02,2015
21705,Jin Hwan,Kim,Magi,79790.68,Heroes of the Storm,Multiplayer Online Battle Arena,Asia,"Korea, Republic of",2015-06-02,2015
14528,Ricardo,Marques,DunkTrain,77997.16,Heroes of the Storm,Multiplayer Online Battle Arena,North America,United States of America,2015-06-02,2015
27953,Benjamin,Eekenulv,BadBenny,76798.88,Heroes of the Storm,Multiplayer Online Battle Arena,Europe,"Sweden, Kingdom of",2015-06-02,2015
14001,Matic,Mikec,Zarmony,75978.57,Heroes of the Storm,Multiplayer Online Battle Arena,Europe,"Slovenia, Republic of",2015-06-02,2015
17402,Jing,Gu,Aloof,75648.35,Heroes of the Storm,Multiplayer Online Battle Arena,Asia,"China, People's Republic of",2015-06-02,2015
18574,Jize,Song,sk,75380.4,Heroes of the Storm,Multiplayer Online Battle Arena,Asia,"China, People's Republic of",2015-06-02,2015
15428,Stafford,Mcintyre,McIntyre,73817.6,Heroes of the Storm,Multiplayer Online Battle Arena,North America,United States of America,2015-06-02,2015
6066,Taylor,Eder,Arthelon,73072.6,Heroes of the Storm,Multiplayer Online Battle Arena,North America,United States of America,2015-06-02,2015
17550,Ivan,Koturić,Sportbilly,72193.01,Heroes of the Storm,Multiplayer Online Battle Arena,Europe,"Croatia, Republic of",2015-06-02,2015
28607,Sung Hyun,Moon,Good,70434.23,Heroes of the Storm,Multiplayer Online Battle Arena,Asia,"Korea, Republic of",2015-06-02,2015
27955,Dominic,Asal,Nic,69829.77,Heroes of the Storm,Multiplayer Online Battle Arena,Europe,"Germany, Federal Republic of",2015-06-02,2015
19422,Jing,Chen,Xuyu,69791.28,Heroes of the Storm,Multiplayer Online Battle Arena,Asia,"China, People's Republic of",2015-06-02,2015
21943,Niklas,Skogheim,Cursen,67862.48,Heroes of the Storm,Multiplayer Online Battle Arena,Europe,"Norway, Kingdom of",2015-06-02,2015
1163,Rori,Bryant-Raible,CauthonLuck,67720.0,Heroes of the Storm,Multiplayer Online Battle Arena,North America,United States of America,2015-06-02,2015
21718,Sammuel,Hua,bigempct,66663.8,Heroes of the Storm,Multiplayer Online Battle Arena,North America,United States of America,2015-06-02,2015
20604,Yu Yen,Su,GoDDog,65965.06,Heroes of the Storm,Multiplayer Online Battle Arena,Asia,Taiwan,2015-06-02,2015
22244,Markus,Hanke,Blumbi,65525.96,Heroes of the Storm,Multiplayer Online Battle Arena,Europe,"Germany, Federal Republic of",2015-06-02,2015
12396,Christoph,Gowitzke,Cris,65516.28,Heroes of the Storm,Multiplayer Online Battle Arena,Europe,"Germany, Federal Republic of",2015-06-02,2015
21715,Stefen,Anderson,akaface,64763.4,Heroes of the Storm,Multiplayer Online Battle Arena,North America,United States of America,2015-06-02,2015
21719,Michael,Udall,MichaelUdall,64763.4,Heroes of the Storm,Multiplayer Online Battle Arena,North America,United States of America,2015-06-02,2015
29443,Chandler,Gavran,Buds,64742.6,Heroes of the Storm,Multiplayer Online Battle Arena,North America,United States of America,2015-06-02,2015
29444,Justin,Gapp,Justing,64742.6,Heroes of the Storm,Multiplayer Online Battle Arena,North America,United States of America,2015-06-02,2015
20525,Francisco,Avalos,Goku,64112.6,Heroes of the Storm,Multiplayer Online Battle Arena,North America,Canada,2015-06-02,2015
25597,Khalif,Hashim,Khroen,63634.48,Heroes of the Storm,Multiplayer Online Battle Arena,North America,United States of America,2015-06-02,2015
1120,Kyung Deok,Kim,duckdeok,63405.8,Heroes of the Storm,Multiplayer Online Battle Arena,Asia,"Korea, Republic of",2015-06-02,2015
21427,Zhihao,Zhang,zZH,60952.31,Heroes of the Storm,Multiplayer Online Battle Arena,Asia,"China, People's Republic of",2015-06-02,2015
20516,Kyle,Belaiche,Prismaticism,60502.6,Heroes of the Storm,Multiplayer Online Battle Arena,North America,Canada,2015-06-02,2015
14570,Tianze,Chen,canjian,58569.42,Heroes of the Storm,Multiplayer Online Battle Arena,Asia,"China, People's Republic of",2015-06-02,2015
32505,Tae Seok,Oh,taeseok,57792.0,Heroes of the Storm,Multiplayer Online Battle Arena,Asia,"Korea, Republic of",2015-06-02,2015
33385,Liam,Simpson,Arcaner,57228.0,Heroes of the Storm,Multiplayer Online Battle Arena,Oceania,"Australia, Commonwealth of",2015-06-02,2015
21426,Qian,Li,Qx,57198.2,Heroes of the Storm,Multiplayer Online Battle Arena,Asia,"China, People's Republic of",2015-06-02,2015
26991,Jerome,Tanguay,KilluZiioN,56726.85,Heroes of the Storm,Multiplayer Online Battle Arena,North America,Canada,2015-06-02,2015
21709,Seong Min,Min,Darvish,55970.05,Heroes of the Storm,Multiplayer Online Battle Arena,Asia,"Korea, Republic of",2015-06-02,2015
23446,Chun Yu,Wu,Alphaluna,53541.0,Heroes of the Storm,Multiplayer Online Battle Arena,Asia,Taiwan,2015-06-02,2015
21419,Jiawei,Zhang,Kty,52978.13,Heroes of the Storm,Multiplayer Online Battle Arena,Asia,"China, People's Republic of",2015-06-02,2015
26996,Thomas,Maguire,Tomster,51663.14,Heroes of the Storm,Multiplayer Online Battle Arena,North America,United States of America,2015-06-02,2015
28390,Merek,Kangas,zugrug,51636.85,Heroes of the Storm,Multiplayer Online Battle Arena,North America,Canada,2015-06-02,2015
9840,Josh,Choi,bkid,51453.4,Heroes of the Storm,Multiplayer Online Battle Arena,North America,United States of America,2015-06-02,2015
28606,Jae Yeop,Jeong,Frankle,50572.68,Heroes of the Storm,Multiplayer Online Battle Arena,Asia,"Korea, Republic of",2015-06-02,2015
31831,Gu,Junfeng,Wind,50549.34,Heroes of the Storm,Multiplayer Online Battle Arena,Asia,"China, People's Republic of",2015-06-02,2015
11747,Martin,Rugh,Crozzby,50545.96,Heroes of the Storm,Multiplayer Online Battle Arena,Europe,"Denmark, Kingdom of",2015-06-02,2015
48322,Jeong Yeong,Bak,Loki,703953.94,PUBG,Battle Royale,Asia,"Korea, Republic of",2017-12-21,2017
43755,Jeong Wan,Go,ESTH3R,610486.16,PUBG,Battle Royale,Asia,"Korea, Republic of",2017-12-21,2017
56720,Seung Hoon,Cha,Pio,591248.41,PUBG,Battle Royale,Asia,"Korea, Republic of",2017-12-21,2017
43849,Tae Min,Kang,Taemin,585598.46,PUBG,Battle Royale,Asia,"Korea, Republic of",2017-12-21,2017
43862,David,Tillberg,fuzzface,344350.25,PUBG,Battle Royale,Europe,"Sweden, Kingdom of",2017-12-21,2017
43808,Anssi,Pekkonen,mxey,341362.75,PUBG,Battle Royale,Europe,"Finland, Republic of",2017-12-21,2017
14768,Ivan,Kapustin,ubah,325558.75,PUBG,Battle Royale,Europe,Russian Federation,2017-12-21,2017
14768,Ivan,Kapustin,ubah,325558.75,PUBG,Battle Royale,Asia,Russian Federation,2017-12-21,2017
43816,Ludvik,Jahnsen,Aitzy,282450.25,PUBG,Battle Royale,Europe,"Norway, Kingdom of",2017-12-21,2017
43807,Samu,Kauppinen,Sambty,242483.15,PUBG,Battle Royale,Europe,"Finland, Republic of",2017-12-21,2017
45853,Jim,Eliassen,Jeemzz,230595.65,PUBG,Battle Royale,Europe,"Norway, Kingdom of",2017-12-21,2017
45855,Jord,van Geldere,Ibiza,229095.65,PUBG,Battle Royale,Europe,"Netherlands, Kingdom of the",2017-12-21,2017
45733,Hao,Yao,lionkk,205477.15,PUBG,Battle Royale,Asia,"China, People's Republic of",2017-12-21,2017
45586,Yan,Wang,silentBT_,181549.66,PUBG,Battle Royale,Asia,"China, People's Republic of",2017-12-21,2017
47413,Jinhai,Zhang,xiaohaixxxx,179906.29,PUBG,Battle Royale,Asia,"China, People's Republic of",2017-12-21,2017
11221,Zhen,Wei,GodV,164612.66,PUBG,Battle Royale,Asia,"China, People's Republic of",2017-12-21,2017
45584,Liangguang,Liao,xiaorong,163976.97,PUBG,Battle Royale,Asia,"China, People's Republic of",2017-12-21,2017
43806,Luke,Laing,Meluke,159650.52,PUBG,Battle Royale,North America,Canada,2017-12-21,2017
43809,Jere,Kauppinen,Jembty,156140.25,PUBG,Battle Royale,Europe,"Finland, Republic of",2017-12-21,2017
32846,In Jae,Kim,EscA,153763.01,PUBG,Battle Royale,Asia,"Korea, Republic of",2017-12-21,2017
45687,Jang Hwan,Seong,seongjang,141342.32,PUBG,Battle Royale,Asia,"Korea, Republic of",2017-12-21,2017
46776,Do-hoon,Seol,indigo,136120.04,PUBG,Battle Royale,Asia,"Korea, Republic of",2017-12-21,2017
31327,Su Yong,Jeong,kAyle,135217.79,PUBG,Battle Royale,Asia,"Korea, Republic of",2017-12-21,2017
47493,Alex,Gouge,vard,134614.01,PUBG,Battle Royale,Europe,United Kingdom of Great Britain & Northern Ireland,2017-12-21,2017
47491,Justin,McNally,MiracU,133114.01,PUBG,Battle Royale,Europe,Ireland,2017-12-21,2017
43801,Magno,Ramos,Pr0phie,131989.19,PUBG,Battle Royale,Asia,"Philippines, Republic of the",2017-12-21,2017
50050,Logan,Heckman,Zanpah,130989.58,PUBG,Battle Royale,North America,United States of America,2017-12-21,2017
61315,Mike,Gariti,Sharky,127694.75,PUBG,Battle Royale,North America,United States of America,2017-12-21,2017
48323,Min Ki,Kim,Chelator,127042.27,PUBG,Battle Royale,Asia,"Korea, Republic of",2017-12-21,2017
41259,Keiron,Prescott,Scoom,126204.51,PUBG,Battle Royale,Europe,Gibraltar,2017-12-21,2017
45412,Young Hoon,Shim,Simsn,125722.18,PUBG,Battle Royale,Asia,"Korea, Republic of",2017-12-21,2017
53797,Zheng,Wu,Forever,119560.82,PUBG,Battle Royale,Asia,"China, People's Republic of",2017-12-21,2017
51125,Thierry,Kaltenback,Kaymind,113573.0,PUBG,Battle Royale,North America,Canada,2017-12-21,2017
47416,Xin,Wang,ZGGO1,112482.56,PUBG,Battle Royale,Asia,"China, People's Republic of",2017-12-21,2017
48931,Roman,Zinoviev,ADOUZ1E,106225.0,PUBG,Battle Royale,Europe,Russian Federation,2017-12-21,2017
48931,Roman,Zinoviev,ADOUZ1E,106225.0,PUBG,Battle Royale,Asia,Russian Federation,2017-12-21,2017
73839,Daying,Wei,xxxLu,105935.34,PUBG,Battle Royale,Asia,"China, People's Republic of",2017-12-21,2017
44865,Arsenii,Ivanychev,ceh9,104675.0,PUBG,Battle Royale,Europe,Russian Federation,2017-12-21,2017
44865,Arsenii,Ivanychev,ceh9,104675.0,PUBG,Battle Royale,Asia,Russian Federation,2017-12-21,2017
47489,Vadim,Ulshin,POKAMOLODOY,104671.25,PUBG,Battle Royale,Europe,Russian Federation,2017-12-21,2017
47489,Vadim,Ulshin,POKAMOLODOY,104671.25,PUBG,Battle Royale,Asia,Russian Federation,2017-12-21,2017
50402,Jong Ho,Lee,Starlord,104576.9,PUBG,Battle Royale,Asia,"Korea, Republic of",2017-12-21,2017
43805,Diondre,Bond,YaBoiDre,103739.58,PUBG,Battle Royale,North America,United States of America,2017-12-21,2017
46761,-,-,Menteul,102114.43,PUBG,Battle Royale,Asia,"Korea, Republic of",2017-12-21,2017
50405,Rak Gwon,Chung,Hulk,101243.57,PUBG,Battle Royale,Asia,"Korea, Republic of",2017-12-21,2017
60103,Do-hyun,Kim,Daengchae,100930.84,PUBG,Battle Royale,Asia,"Korea, Republic of",2017-12-21,2017
49455,Hwan,Jang,Hwan2da,98090.7,PUBG,Battle Royale,Asia,"Korea, Republic of",2017-12-21,2017
47492,Laurynas,Rudys,Gaxy,94926.51,PUBG,Battle Royale,Europe,"Lithuania, Republic of",2017-12-21,2017
48868,Ben,Wheeler,Nerf,93098.0,PUBG,Battle Royale,North America,United States of America,2017-12-21,2017
55316,Chuan,Yu,Summer,86922.9,PUBG,Battle Royale,Asia,"China, People's Republic of",2017-12-21,2017
48882,Timothy,Ebarb,Uncivil,86853.44,PUBG,Battle Royale,North America,United States of America,2017-12-21,2017
51774,Ömer,Develi,Iroh,85243.75,PUBG,Battle Royale,Europe,"Turkey, Republic of",2017-12-21,2017
51774,Ömer,Develi,Iroh,85243.75,PUBG,Battle Royale,Asia,"Turkey, Republic of",2017-12-21,2017
12917,Hunter,Winn,hwinn,85032.94,PUBG,Battle Royale,North America,United States of America,2017-12-21,2017
48307,Kurtis,Bond,Purdy,84148.44,PUBG,Battle Royale,North America,United States of America,2017-12-21,2017
43800,Kevin,Linn,Miccoy,82233.44,PUBG,Battle Royale,North America,United States of America,2017-12-21,2017
42876,Mehmood Amin,Askar,Moody,81360.5,PUBG,Battle Royale,North America,Canada,2017-12-21,2017
56684,Aaron,Lommen,aLOW,81023.44,PUBG,Battle Royale,North America,United States of America,2017-12-21,2017
66881,Luke,Newey,Luke12,79049.82,PUBG,Battle Royale,Oceania,"Australia, Commonwealth of",2017-12-21,2017
57401,Andrey,Ionov,Bestoloch,78800.0,PUBG,Battle Royale,Europe,Russian Federation,2017-12-21,2017
57401,Andrey,Ionov,Bestoloch,78800.0,PUBG,Battle Royale,Asia,Russian Federation,2017-12-21,2017
49801,Kang,Wang,shou,78178.8,PUBG,Battle Royale,Asia,"China, People's Republic of",2017-12-21,2017
49802,Jiang Hua,Chen,shox,78178.8,PUBG,Battle Royale,Asia,"China, People's Republic of",2017-12-21,2017
50052,Daniel,Hernandez,Sharpshothd,77092.86,PUBG,Battle Royale,North America,"Cuba, Republic of",2017-12-21,2017
45408,-,-,BBABBO,75125.32,PUBG,Battle Royale,Asia,"Korea, Republic of",2017-12-21,2017
43752,Jae Hyun,Han,SexyPIG,74885.91,PUBG,Battle Royale,Asia,"Korea, Republic of",2017-12-21,2017
43797,Romain,Hermann,Shiv,74811.76,PUBG,Battle Royale,Europe,"France, French Republic",2017-12-21,2017
48377,Damien,Valliant,Dahmien7,71349.2,PUBG,Battle Royale,Europe,"France, French Republic",2017-12-21,2017
43754,Kyung Chul,Oh,style,70101.26,PUBG,Battle Royale,Asia,"Korea, Republic of",2017-12-21,2017
50364,Bo Hyun,Kim,YaKK,67744.43,PUBG,Battle Royale,Asia,"Korea, Republic of",2017-12-21,2017
69545,Qicheng,Chen,BoLiang,67742.92,PUBG,Battle Royale,Asia,"China, People's Republic of",2017-12-21,2017
69546,Xin,Lin,L1nnnn,67742.92,PUBG,Battle Royale,Asia,"China, People's Republic of",2017-12-21,2017
69547,Ruilong,Deng,LongSkr,67742.92,PUBG,Battle Royale,Asia,"China, People's Republic of",2017-12-21,2017
74025,Do-gyeong,Kim,DoYa,67687.33,PUBG,Battle Royale,Asia,"Korea, Republic of",2017-12-21,2017
48695,Gustav,Blønd,GustavQQ,66517.5,PUBG,Battle Royale,Europe,"Denmark, Kingdom of",2017-12-21,2017
69544,Bohang,Li,JiaoYang,64373.86,PUBG,Battle Royale,Asia,"China, People's Republic of",2017-12-21,2017
49806,-,-,Tide,64304.93,PUBG,Battle Royale,Asia,"China, People's Republic of",2017-12-21,2017
50410,-,-,DG98,64255.11,PUBG,Battle Royale,Asia,"Korea, Republic of",2017-12-21,2017
61319,Tristan,Nowicky,Shrimzy,63736.69,PUBG,Battle Royale,North America,United States of America,2017-12-21,2017
49144,Yu-Ze,Sun,CPT,63636.03,PUBG,Battle Royale,Asia,"China, People's Republic of",2017-12-21,2017
43810,Adrian,Blom,Haxete,62654.51,PUBG,Battle Royale,Europe,"Sweden, Kingdom of",2017-12-21,2017
66526,-,-,DouM,62114.15,PUBG,Battle Royale,Asia,"China, People's Republic of",2017-12-21,2017
66527,-,-,DJBOY,62114.15,PUBG,Battle Royale,Asia,"China, People's Republic of",2017-12-21,2017
47494,Mathias,Larsen,Larsen,61350.0,PUBG,Battle Royale,Europe,"Denmark, Kingdom of",2017-12-21,2017
45403,Hyun Woo,Yoon,yoonroot,59165.88,PUBG,Battle Royale,Asia,"Korea, Republic of",2017-12-21,2017
51402,Hữu Đoàn,Nguyễn,Leviz,58725.83,PUBG,Battle Royale,Asia,"Vietnam, Socialist Republic of",2017-12-21,2017
48134,-,-,LinShuNN,58710.01,PUBG,Battle Royale,Asia,"China, People's Republic of",2017-12-21,2017
41249,Alexey,Trufanov,0nuqtive,58458.75,PUBG,Battle Royale,Europe,Russian Federation,2017-12-21,2017
41249,Alexey,Trufanov,0nuqtive,58458.75,PUBG,Battle Royale,Asia,Russian Federation,2017-12-21,2017
48124,Xin-hao,Pan,BaoLeiNB,58381.6,PUBG,Battle Royale,Asia,"China, People's Republic of",2017-12-21,2017
40001,Cedrik,Lessard,DrasseL,58295.94,PUBG,Battle Royale,North America,Canada,2017-12-21,2017
48125,Pengcheng,Wang,jiaozhu,57157.65,PUBG,Battle Royale,Asia,"China, People's Republic of",2017-12-21,2017
48122,Boyuan,Wang,Wang88,56537.65,PUBG,Battle Royale,Asia,"China, People's Republic of",2017-12-21,2017
47151,Gil Do,Lee,Temeria,56496.7,PUBG,Battle Royale,Asia,"Korea, Republic of",2017-12-21,2017
39822,-,-,Qmccc,55099.91,PUBG,Battle Royale,Asia,"China, People's Republic of",2017-12-21,2017
48875,Jace,Patras,Voxsic,53388.44,PUBG,Battle Royale,North America,United States of America,2017-12-21,2017
50167,Patrick,Kaplan,PAT KAPS,51048.44,PUBG,Battle Royale,North America,United States of America,2017-12-21,2017
55685,-,-,Dongdong,50678.6,PUBG,Battle Royale,Asia,"China, People's Republic of",2017-12-21,2017
49460,Seung Sun,Lee,shadow,50137.37,PUBG,Battle Royale,Asia,"Korea, Republic of",2017-12-21,2017
48935,Magnus,Hartmann,udyRR,49761.3,PUBG,Battle Royale,Europe,"Germany, Federal Republic of",2017-12-21,2017
48938,René,Rehling,Braexco,49471.55,PUBG,Battle Royale,Europe,"Germany, Federal Republic of",2017-12-21,2017
48874,Michael,Wake,mykLe,49287.5,PUBG,Battle Royale,Europe,United Kingdom of Great Britain & Northern Ireland,2017-12-21,2017
56973,-,-,067QAQ,48617.5,PUBG,Battle Royale,Asia,"China, People's Republic of",2017-12-21,2017
45682,-,-,Makne,48503.23,PUBG,Battle Royale,Asia,"Korea, Republic of",2017-12-21,2017
63566,Katanyu,Chinsorranan,DUCKMANZ,47602.61,PUBG,Battle Royale,Asia,"Thailand, Kingdom of",2017-12-21,2017
35048,Sebastian,Berendt,BALLOC,47090.0,PUBG,Battle Royale,Europe,"Denmark, Kingdom of",2017-12-21,2017
50102,Jake,Winant,Snakers,47078.32,PUBG,Battle Royale,North America,United States of America,2017-12-21,2017
60467,Zhengzheng,Chen,Cat,465685.85,Arena of Valor,Multiplayer Online Battle Arena,Asia,"China, People's Republic of",2016-10-14,2016
60565,Guixin,Guo,NuoYan,416162.04,Arena of Valor,Multiplayer Online Battle Arena,Asia,"China, People's Republic of",2016-10-14,2016
60485,Tianlong,Wang,Alan,399019.18,Arena of Valor,Multiplayer Online Battle Arena,Asia,"China, People's Republic of",2016-10-14,2016
70610,Siyuan,Luo,HuaHai,399019.18,Arena of Valor,Multiplayer Online Battle Arena,Asia,"China, People's Republic of",2016-10-14,2016
70611,Cong,Zhang,Wuming,399019.18,Arena of Valor,Multiplayer Online Battle Arena,Asia,"China, People's Republic of",2016-10-14,2016
53977,Xuân Bách,Trần,XB,152734.63,Arena of Valor,Multiplayer Online Battle Arena,Asia,"Vietnam, Socialist Republic of",2016-10-14,2016
53981,Quang Hiệp,Trần,ProE,143598.03,Arena of Valor,Multiplayer Online Battle Arena,Asia,"Vietnam, Socialist Republic of",2016-10-14,2016
5812,Sanpett,Marat,FirstOne,135749.99,Arena of Valor,Multiplayer Online Battle Arena,Asia,"Thailand, Kingdom of",2016-10-14,2016
60417,Yunfei,Peng,Fly,133558.02,Arena of Valor,Multiplayer Online Battle Arena,Asia,"China, People's Republic of",2016-10-14,2016
60418,Shengqqin,Xia,Hurt,133558.02,Arena of Valor,Multiplayer Online Battle Arena,Asia,"China, People's Republic of",2016-10-14,2016
60451,Đức Chiến,Trần,ADC,133380.96,Arena of Valor,Multiplayer Online Battle Arena,Asia,"Vietnam, Socialist Republic of",2016-10-14,2016
53986,Hồng Quân,Phạm,Gau,131670.38,Arena of Valor,Multiplayer Online Battle Arena,Asia,"Vietnam, Socialist Republic of",2016-10-14,2016
37261,Sorawichaya,Mahavanakul,Isilindilz,131425.77,Arena of Valor,Multiplayer Online Battle Arena,Asia,"Thailand, Kingdom of",2016-10-14,2016
54014,Chun Sheng,Chang,Neil,125644.94,Arena of Valor,Multiplayer Online Battle Arena,Asia,Taiwan,2016-10-14,2016
60452,Tiến Đạt,Đinh,ĐạtKòiii,122860.21,Arena of Valor,Multiplayer Online Battle Arena,Asia,"Vietnam, Socialist Republic of",2016-10-14,2016
37259,Vatcharanan,Thaworn,Summer,122693.28,Arena of Valor,Multiplayer Online Battle Arena,Asia,"Thailand, Kingdom of",2016-10-14,2016
53998,Chang Hoon,Shin,JJak,122650.01,Arena of Valor,Multiplayer Online Battle Arena,Asia,"Korea, Republic of",2016-10-14,2016
68651,-,-,Nutalomlok,118657.27,Arena of Valor,Multiplayer Online Battle Arena,Asia,"Thailand, Kingdom of",2016-10-14,2016
53996,Ho Yeon,Lee,Rush,117894.7,Arena of Valor,Multiplayer Online Battle Arena,Asia,"Korea, Republic of",2016-10-14,2016
54013,Chou,Chung,Yuzon,115644.94,Arena of Valor,Multiplayer Online Battle Arena,Asia,Taiwan,2016-10-14,2016
60450,Ting Jui,Chen,Winds,113262.7,Arena of Valor,Multiplayer Online Battle Arena,Asia,Taiwan,2016-10-14,2016
53999,Do Yeop,Kim,HAK,111710.36,Arena of Valor,Multiplayer Online Battle Arena,Asia,"Korea, Republic of",2016-10-14,2016
53995,Sun Woo,Kim,Sun,111582.45,Arena of Valor,Multiplayer Online Battle Arena,Asia,"Korea, Republic of",2016-10-14,2016
54015,Nsu Yu,Lin,Star,110644.94,Arena of Valor,Multiplayer Online Battle Arena,Asia,Taiwan,2016-10-14,2016
54016,Chien Ting,Chen,Benny,110644.94,Arena of Valor,Multiplayer Online Battle Arena,Asia,Taiwan,2016-10-14,2016
60420,-,-,Song,108311.67,Arena of Valor,Multiplayer Online Battle Arena,Asia,"China, People's Republic of",2016-10-14,2016
10995,Chayut,Suebka,007x,98723.19,Arena of Valor,Multiplayer Online Battle Arena,Asia,"Thailand, Kingdom of",2016-10-14,2016
60454,Parit,Pornrattanapitak,Difoxn,90798.66,Arena of Valor,Multiplayer Online Battle Arena,Asia,"Thailand, Kingdom of",2016-10-14,2016
60434,-,-,770,89669.63,Arena of Valor,Multiplayer Online Battle Arena,Asia,"China, People's Republic of",2016-10-14,2016
54458,Eikapong,Korhonen,Tony,86881.37,Arena of Valor,Multiplayer Online Battle Arena,Asia,"Thailand, Kingdom of",2016-10-14,2016
60466,-,-,Snow,86666.67,Arena of Valor,Multiplayer Online Battle Arena,Asia,"China, People's Republic of",2016-10-14,2016
54454,Siwa,Noomai,JOMWick,74492.23,Arena of Valor,Multiplayer Online Battle Arena,Asia,"Thailand, Kingdom of",2016-10-14,2016
53997,Hyung Min,Kim,Chaser,71604.67,Arena of Valor,Multiplayer Online Battle Arena,Asia,"Korea, Republic of",2016-10-14,2016
60468,-,-,YANG,66666.67,Arena of Valor,Multiplayer Online Battle Arena,Asia,"China, People's Republic of",2016-10-14,2016
70307,-,-,行星,65922.73,Arena of Valor,Multiplayer Online Battle Arena,Asia,"China, People's Republic of",2016-10-14,2016
70308,-,-,轻雨,65922.73,Arena of Valor,Multiplayer Online Battle Arena,Asia,"China, People's Republic of",2016-10-14,2016
70309,-,-,久龙,65922.73,Arena of Valor,Multiplayer Online Battle Arena,Asia,"China, People's Republic of",2016-10-14,2016
70310,-,-,北岛,65922.73,Arena of Valor,Multiplayer Online Battle Arena,Asia,"China, People's Republic of",2016-10-14,2016
70311,-,-,暮色,65922.73,Arena of Valor,Multiplayer Online Battle Arena,Asia,"China, People's Republic of",2016-10-14,2016
70312,-,-,久诚,65922.73,Arena of Valor,Multiplayer Online Battle Arena,Asia,"China, People's Republic of",2016-10-14,2016
70313,-,-,月色,65922.73,Arena of Valor,Multiplayer Online Battle Arena,Asia,"China, People's Republic of",2016-10-14,2016
70314,-,-,柠栀,65922.73,Arena of Valor,Multiplayer Online Battle Arena,Asia,"China, People's Republic of",2016-10-14,2016
70315,-,-,最初,65922.73,Arena of Valor,Multiplayer Online Battle Arena,Asia,"China, People's Republic of",2016-10-14,2016
70316,-,-,尘夏,65922.73,Arena of Valor,Multiplayer Online Battle Arena,Asia,"China, People's Republic of",2016-10-14,2016
70317,-,-,阿可,65922.73,Arena of Valor,Multiplayer Online Battle Arena,Asia,"China, People's Republic of",2016-10-14,2016
60455,Metasit,Leelapipatkul,Moowan,61228.35,Arena of Valor,Multiplayer Online Battle Arena,Asia,"Thailand, Kingdom of",2016-10-14,2016
78285,Satittirat,Chetnarong,Overfly,58200.95,Arena of Valor,Multiplayer Online Battle Arena,Asia,"Thailand, Kingdom of",2016-10-14,2016
60412,-,-,NingZhi,58160.23,Arena of Valor,Multiplayer Online Battle Arena,Asia,"China, People's Republic of",2016-10-14,2016
60413,-,-,JiuLong,58160.23,Arena of Valor,Multiplayer Online Battle Arena,Asia,"China, People's Republic of",2016-10-14,2016
60414,-,-,JiuC,58160.23,Arena of Valor,Multiplayer Online Battle Arena,Asia,"China, People's Republic of",2016-10-14,2016
60415,-,-,ChenXia,58160.23,Arena of Valor,Multiplayer Online Battle Arena,Asia,"China, People's Republic of",2016-10-14,2016
60416,-,-,ZuiChu,58160.23,Arena of Valor,Multiplayer Online Battle Arena,Asia,"China, People's Republic of",2016-10-14,2016
60456,Sorachat,Janechaijitravanit,Getsrch,57378.78,Arena of Valor,Multiplayer Online Battle Arena,Asia,"Thailand, Kingdom of",2016-10-14,2016
68648,-,-,BLUENOPING,56270.18,Arena of Valor,Multiplayer Online Battle Arena,Asia,"Thailand, Kingdom of",2016-10-14,2016
36696,Kawee,Wachiraphas,MeMarkz,55685.67,Arena of Valor,Multiplayer Online Battle Arena,Asia,"Thailand, Kingdom of",2016-10-14,2016
18456,Pakinai,Srivijarn,kSsA,54159.21,Arena of Valor,Multiplayer Online Battle Arena,Asia,"Thailand, Kingdom of",2016-10-14,2016
16556,Sorawat,Boonphrom,Moss,54156.23,Arena of Valor,Multiplayer Online Battle Arena,Asia,"Thailand, Kingdom of",2016-10-14,2016
54034,Piyapong,Proathaisong,Taoz,52118.54,Arena of Valor,Multiplayer Online Battle Arena,Asia,"Thailand, Kingdom of",2016-10-14,2016
16554,Patara,Bhatarabhirom,Cherie,51203.24,Arena of Valor,Multiplayer Online Battle Arena,Asia,"Thailand, Kingdom of",2016-10-14,2016
9916,Nutdanai,Rungruang,MrSunz,47549.95,Arena of Valor,Multiplayer Online Battle Arena,Asia,"Thailand, Kingdom of",2016-10-14,2016
70622,-,-,Giao,46891.35,Arena of Valor,Multiplayer Online Battle Arena,Asia,"China, People's Republic of",2016-10-14,2016
69659,-,-,Munez,46641.1,Arena of Valor,Multiplayer Online Battle Arena,Asia,"Thailand, Kingdom of",2016-10-14,2016
79580,Pasu,Yensabai,Erez,46258.63,Arena of Valor,Multiplayer Online Battle Arena,Asia,"Thailand, Kingdom of",2016-10-14,2016
60453,Methus,Meechom,Nt,45995.54,Arena of Valor,Multiplayer Online Battle Arena,Asia,"Thailand, Kingdom of",2016-10-14,2016
54011,Sirichai,Sukpan,ReMix,44916.44,Arena of Valor,Multiplayer Online Battle Arena,Asia,"Thailand, Kingdom of",2016-10-14,2016
79579,Pakkapon,Saethong,IpodPro,44591.96,Arena of Valor,Multiplayer Online Battle Arena,Asia,"Thailand, Kingdom of",2016-10-14,2016
78046,-,-,Mojo,43264.58,Arena of Valor,Multiplayer Online Battle Arena,Asia,"China, People's Republic of",2016-10-14,2016
53970,-,-,Chichi,42482.43,Arena of Valor,Multiplayer Online Battle Arena,Asia,Taiwan,2016-10-14,2016
53971,-,-,Genji,42482.43,Arena of Valor,Multiplayer Online Battle Arena,Asia,Taiwan,2016-10-14,2016
53972,-,-,Hanzo,42482.43,Arena of Valor,Multiplayer Online Battle Arena,Asia,Taiwan,2016-10-14,2016
53973,-,-,Liang,42482.43,Arena of Valor,Multiplayer Online Battle Arena,Asia,Taiwan,2016-10-14,2016
53974,-,-,Sirenia,42482.43,Arena of Valor,Multiplayer Online Battle Arena,Asia,Taiwan,2016-10-14,2016
54012,Denchai,Eampaojeen,JameCo,41144.36,Arena of Valor,Multiplayer Online Battle Arena,Asia,"Thailand, Kingdom of",2016-10-14,2016
75020,Aum,Chatchanapong,Happy,40376.87,Arena of Valor,Multiplayer Online Battle Arena,Asia,"Thailand, Kingdom of",2016-10-14,2016
60463,Hsing Cheng,Lu,Heroes,38892.33,Arena of Valor,Multiplayer Online Battle Arena,Asia,Taiwan,2016-10-14,2016
60570,-,-,六点六,36171.67,Arena of Valor,Multiplayer Online Battle Arena,Asia,"China, People's Republic of",2016-10-14,2016
60571,-,-,小兽,36171.67,Arena of Valor,Multiplayer Online Battle Arena,Asia,"China, People's Republic of",2016-10-14,2016
60572,-,-,小剑,36171.67,Arena of Valor,Multiplayer Online Battle Arena,Asia,"China, People's Republic of",2016-10-14,2016
60573,-,-,居居,36171.67,Arena of Valor,Multiplayer Online Battle Arena,Asia,"China, People's Republic of",2016-10-14,2016
60437,-,-,Core,35049.38,Arena of Valor,Multiplayer Online Battle Arena,Asia,"Korea, Republic of",2016-10-14,2016
53976,-,-,PS Man,34811.67,Arena of Valor,Multiplayer Online Battle Arena,Asia,"Vietnam, Socialist Republic of",2016-10-14,2016
54030,Matt,Stover,Mts,34190.6,Arena of Valor,Multiplayer Online Battle Arena,North America,United States of America,2016-10-14,2016
60462,Chi Kang,Chuang,XiXi,33892.33,Arena of Valor,Multiplayer Online Battle Arena,Asia,Taiwan,2016-10-14,2016
60464,Sung Lin,Hsieh,Wayn,33892.33,Arena of Valor,Multiplayer Online Battle Arena,Asia,Taiwan,2016-10-14,2016
53975,-,-,Lulala,33333.33,Arena of Valor,Multiplayer Online Battle Arena,Asia,Taiwan,2016-10-14,2016
1297,Hyo Jong,Kim,horror,31489.38,Arena of Valor,Multiplayer Online Battle Arena,Asia,"Korea, Republic of",2016-10-14,2016
60438,-,-,JY,31489.38,Arena of Valor,Multiplayer Online Battle Arena,Asia,"Korea, Republic of",2016-10-14,2016
60439,-,-,YK,29676.0,Arena of Valor,Multiplayer Online Battle Arena,Asia,"Korea, Republic of",2016-10-14,2016
78151,-,-,Xuan,28860.0,Arena of Valor,Multiplayer Online Battle Arena,Asia,Malaysia,2016-10-14,2016
60436,-,-,Sweet,28816.0,Arena of Valor,Multiplayer Online Battle Arena,Asia,"Korea, Republic of",2016-10-14,2016
54450,Chanapol,Siri,Sky,28083.35,Arena of Valor,Multiplayer Online Battle Arena,Asia,"Thailand, Kingdom of",2016-10-14,2016
60430,-,-,KOKO,27580.07,Arena of Valor,Multiplayer Online Battle Arena,Asia,"China, People's Republic of",2016-10-14,2016
21212,Chattrakarn,Parichatkun,Erl2oR,27074.4,Arena of Valor,Multiplayer Online Battle Arena,Asia,"Thailand, Kingdom of",2016-10-14,2016
78152,-,-,Chen,26695.5,Arena of Valor,Multiplayer Online Battle Arena,Asia,"China, People's Republic of",2016-10-14,2016
83083,Yu-Yan,Su,GaDuo,26666.67,Arena of Valor,Multiplayer Online Battle Arena,Asia,Taiwan,2016-10-14,2016
83084,Tseng-Yung,Chun,Kato,26666.67,Arena of Valor,Multiplayer Online Battle Arena,Asia,Taiwan,2016-10-14,2016
83085,En Hao,Chen,Gua,26666.67,Arena of Valor,Multiplayer Online Battle Arena,Asia,Taiwan,2016-10-14,2016
70343,-,-,Rain,26645.0,Arena of Valor,Multiplayer Online Battle Arena,Asia,Taiwan,2016-10-14,2016
12241,Komklit,Wongsawat,O7T-V1,25941.03,Arena of Valor,Multiplayer Online Battle Arena,Asia,"Thailand, Kingdom of",2016-10-14,2016
69797,-,-,139,24171.67,Arena of Valor,Multiplayer Online Battle Arena,Asia,"China, People's Republic of",2016-10-14,2016
7517,Thijs,Molendijk,Thijs,491418.66,Hearthstone,Collectible Card Game,Europe,"Netherlands, Kingdom of the",2014-03-11,2014
11132,Wei Lin,Chen,tom60229,442877.87,Hearthstone,Collectible Card Game,Asia,Taiwan,2014-03-11,2014
17887,Pavel,Beltiukov,Pavel,347798.0,Hearthstone,Collectible Card Game,Europe,Russian Federation,2014-03-11,2014
17887,Pavel,Beltiukov,Pavel,347798.0,Hearthstone,Collectible Card Game,Asia,Russian Federation,2014-03-11,2014
39487,Casper,Notto,Hunterace,341931.16,Hearthstone,Collectible Card Game,Europe,"Norway, Kingdom of",2014-03-11,2014
10605,Jung Soo,Kim,Surrender,316781.57,Hearthstone,Collectible Card Game,Asia,"Korea, Republic of",2014-03-11,2014
28337,Raphael,Peltzer,BunnyHoppor,312987.23,Hearthstone,Collectible Card Game,Europe,"Germany, Federal Republic of",2014-03-11,2014
30870,Bin,Zhou,Jasonzhou,296734.75,Hearthstone,Collectible Card Game,Asia,"China, People's Republic of",2014-03-11,2014
30871,-,-,XHope,293345.18,Hearthstone,Collectible Card Game,Asia,"China, People's Republic of",2014-03-11,2014
14151,Jon,Westberg,Orange,291115.88,Hearthstone,Collectible Card Game,Europe,"Sweden, Kingdom of",2014-03-11,2014
29441,Frank,Zhang,fr0zen,284382.26,Hearthstone,Collectible Card Game,North America,United States of America,2014-03-11,2014
29787,Brian,Eason,bloodyface,279875.0,Hearthstone,Collectible Card Game,North America,United States of America,2014-03-11,2014
9886,Aleksandr,Malsh,Kolento,273654.46,Hearthstone,Collectible Card Game,Europe,Ukraine,2014-03-11,2014
11584,James,Kostesich,Firebat,269053.1,Hearthstone,Collectible Card Game,North America,United States of America,2014-03-11,2014
47080,Sato,Kenta,glory,238550.0,Hearthstone,Collectible Card Game,Asia,Japan,2014-03-11,2014
45851,Xiao Meng,Li,Liooon,238010.0,Hearthstone,Collectible Card Game,Asia,"China, People's Republic of",2014-03-11,2014
11897,David,Caero,Dog,229488.39,Hearthstone,Collectible Card Game,North America,United States of America,2014-03-11,2014
32352,Torben,Wahl,Viper,227550.0,Hearthstone,Collectible Card Game,Europe,"Germany, Federal Republic of",2014-03-11,2014
16254,Ryan,Murphy-Root,Purple,220418.33,Hearthstone,Collectible Card Game,North America,Canada,2014-03-11,2014
28333,Artem,Kravets',DrHippi,210416.67,Hearthstone,Collectible Card Game,Europe,Ukraine,2014-03-11,2014
8377,Dima,Radu,Rdu,204049.56,Hearthstone,Collectible Card Game,Europe,Romania,2014-03-11,2014
28468,Euneil,Javiñas,Staz,193860.89,Hearthstone,Collectible Card Game,Asia,"Philippines, Republic of the",2014-03-11,2014
16026,Frederik Høj,Nielsen,Hoej,171767.15,Hearthstone,Collectible Card Game,Europe,"Denmark, Kingdom of",2014-03-11,2014
28107,Vladislav,Sinotov,SilverName,170027.04,Hearthstone,Collectible Card Game,Europe,Russian Federation,2014-03-11,2014
28107,Vladislav,Sinotov,SilverName,170027.04,Hearthstone,Collectible Card Game,Asia,Russian Federation,2014-03-11,2014
16252,Muzahidul,I.,Muzzy,167590.47,Hearthstone,Collectible Card Game,North America,United States of America,2014-03-11,2014
12110,Xieyu,Wang,Tiddler Celestial,165348.34,Hearthstone,Collectible Card Game,Asia,"China, People's Republic of",2014-03-11,2014
29758,Jaromír,Vyskočil,Jarla,162017.51,Hearthstone,Collectible Card Game,Europe,Czech Republic,2014-03-11,2014
7525,Sebastian,Bentert,Xixo,156103.11,Hearthstone,Collectible Card Game,Europe,"Germany, Federal Republic of",2014-03-11,2014
39983,Kaan,Çekli,Fujitora,155778.27,Hearthstone,Collectible Card Game,Europe,"Turkey, Republic of",2014-03-11,2014
39983,Kaan,Çekli,Fujitora,155778.27,Hearthstone,Collectible Card Game,Asia,"Turkey, Republic of",2014-03-11,2014
7520,Sebastian,Engwall,Ostkaka,153199.92,Hearthstone,Collectible Card Game,Europe,"Sweden, Kingdom of",2014-03-11,2014
20918,David,Shan,JustSaiyan,153062.5,Hearthstone,Collectible Card Game,North America,United States of America,2014-03-11,2014
41753,Eddie,Lui,Seohyun,151117.2,Hearthstone,Collectible Card Game,North America,Canada,2014-03-11,2014
28238,Lin,Zheng,OmegaZero,139425.79,Hearthstone,Collectible Card Game,Asia,"China, People's Republic of",2014-03-11,2014
10950,Adrian,Koy,Lifecoach,136530.19,Hearthstone,Collectible Card Game,Europe,"Germany, Federal Republic of",2014-03-11,2014
17274,Hyun Jae,Jang,Dawn,135189.54,Hearthstone,Collectible Card Game,Asia,"Korea, Republic of",2014-03-11,2014
33382,Cheon Su,Kim,Che0nsu,133715.0,Hearthstone,Collectible Card Game,Asia,"Korea, Republic of",2014-03-11,2014
61463,Guan,Zhendong,Jing,131560.0,Hearthstone,Collectible Card Game,Asia,"China, People's Republic of",2014-03-11,2014
43782,-,-,Leaoh,125458.59,Hearthstone,Collectible Card Game,Asia,"China, People's Republic of",2014-03-11,2014
14549,Bohan,Zhang,Lovelychook,122179.36,Hearthstone,Collectible Card Game,Asia,"China, People's Republic of",2014-03-11,2014
30003,Kevin,Eberlein,Casie,121712.5,Hearthstone,Collectible Card Game,Europe,"Germany, Federal Republic of",2014-03-11,2014
35958,Théo,Dumont,Felkeine,121255.92,Hearthstone,Collectible Card Game,Europe,"France, French Republic",2014-03-11,2014
11589,Eugene,Shumilin,Neirea,121248.17,Hearthstone,Collectible Card Game,Europe,Ukraine,2014-03-11,2014
22550,Alexey,Barsukov,ShtanUdachi,117466.67,Hearthstone,Collectible Card Game,Europe,Russian Federation,2014-03-11,2014
22550,Alexey,Barsukov,ShtanUdachi,117466.67,Hearthstone,Collectible Card Game,Asia,Russian Federation,2014-03-11,2014
23913,William,Barton,Amnesiac,114725.0,Hearthstone,Collectible Card Game,North America,United States of America,2014-03-11,2014
32363,Jerome,Faucher,Monsanto,110925.0,Hearthstone,Collectible Card Game,North America,Canada,2014-03-11,2014
15114,Paul,Nemeth,Zalae,110141.67,Hearthstone,Collectible Card Game,North America,United States of America,2014-03-11,2014
1244,Cong,Shu,StrifeCro,106314.27,Hearthstone,Collectible Card Game,North America,United States of America,2014-03-11,2014
38403,Mihai,Dragalin,languagehacker,102887.5,Hearthstone,Collectible Card Game,North America,Canada,2014-03-11,2014
12141,Bo,Li,LiBo,100759.37,Hearthstone,Collectible Card Game,Asia,"China, People's Republic of",2014-03-11,2014
30162,Julien,Perrault-Harvey,Cydonia,97593.92,Hearthstone,Collectible Card Game,North America,Canada,2014-03-11,2014
17271,Il Mook,Kang,handsomeguy,97479.0,Hearthstone,Collectible Card Game,Asia,"Korea, Republic of",2014-03-11,2014
14270,Shengyuan,Luo,Roger,96719.1,Hearthstone,Collectible Card Game,Asia,Taiwan,2014-03-11,2014
30561,Chris,Tsakopoulos,Fenomeno,94073.0,Hearthstone,Collectible Card Game,Europe,"Greece, Hellenic Republic",2014-03-11,2014
32359,Edwin,Cook,HotMEOWTH,91550.0,Hearthstone,Collectible Card Game,North America,United States of America,2014-03-11,2014
43794,Juwei,Wu,XiaoT,89346.12,Hearthstone,Collectible Card Game,Asia,"China, People's Republic of",2014-03-11,2014
37063,Tsu Lin,Tsao,SamuelTsao,89250.0,Hearthstone,Collectible Card Game,Asia,Taiwan,2014-03-11,2014
23558,Kacper,Kwieciński,A83650,87636.14,Hearthstone,Collectible Card Game,Europe,"Poland, Republic of",2014-03-11,2014
50884,Zong Chang,Wu,BloodTrail,86250.0,Hearthstone,Collectible Card Game,Asia,Taiwan,2014-03-11,2014
45830,Wataru,Ishibashi,posesi,84196.0,Hearthstone,Collectible Card Game,Asia,Japan,2014-03-11,2014
47728,Zakarya,Hail,xBlyzes,83373.91,Hearthstone,Collectible Card Game,Europe,"France, French Republic",2014-03-11,2014
30167,Francisco,Leimontas,PNC,82409.24,Hearthstone,Collectible Card Game,South America,"Argentina, Argentine Republic",2014-03-11,2014
33663,Tsz Kin,Lo,kin0531,81932.0,Hearthstone,Collectible Card Game,Asia,"Hong Kong, Special Administrative Region of China",2014-03-11,2014
25983,George,Webb,BoarControl,80924.07,Hearthstone,Collectible Card Game,Europe,United Kingdom of Great Britain & Northern Ireland,2014-03-11,2014
14148,Keaton,Gill,Chakki,80338.22,Hearthstone,Collectible Card Game,North America,United States of America,2014-03-11,2014
15615,Ole,Batyrbekov,Naiman,79671.53,Hearthstone,Collectible Card Game,Europe,"Kazakhstan, Republic of",2014-03-11,2014
15615,Ole,Batyrbekov,Naiman,79671.53,Hearthstone,Collectible Card Game,Asia,"Kazakhstan, Republic of",2014-03-11,2014
39850,Tyler,Hoang Nguyen,Tylerootd,78375.0,Hearthstone,Collectible Card Game,Europe,"Netherlands, Kingdom of the",2014-03-11,2014
25030,Jan,Janßen,SuperJJ,77943.68,Hearthstone,Collectible Card Game,Europe,"Germany, Federal Republic of",2014-03-11,2014
37062,-,-,DocPwn,77433.33,Hearthstone,Collectible Card Game,North America,Canada,2014-03-11,2014
50877,Yashima,Nozomi,Alutemu,76675.0,Hearthstone,Collectible Card Game,Asia,Japan,2014-03-11,2014
33858,Thomas,Zimmer,Sintolol,76346.78,Hearthstone,Collectible Card Game,Europe,"Germany, Federal Republic of",2014-03-11,2014
33381,Songyang,Zhao,Hamster,74382.47,Hearthstone,Collectible Card Game,Asia,"China, People's Republic of",2014-03-11,2014
36818,David,Acosta,killinallday,73575.0,Hearthstone,Collectible Card Game,North America,United States of America,2014-03-11,2014
7139,Jeffrey,Shih,Trump,72637.5,Hearthstone,Collectible Card Game,North America,United States of America,2014-03-11,2014
15703,Facu,Pruzzo,Nalguidan,70750.0,Hearthstone,Collectible Card Game,South America,"Argentina, Argentine Republic",2014-03-11,2014
29789,Edward,Goodwin,Gallon213,70216.0,Hearthstone,Collectible Card Game,North America,United States of America,2014-03-11,2014
17263,Chen,Yuxiang,Breath,69487.73,Hearthstone,Collectible Card Game,Asia,"China, People's Republic of",2014-03-11,2014
61464,-,-,Yueying,68162.5,Hearthstone,Collectible Card Game,Asia,"China, People's Republic of",2014-03-11,2014
71040,Jack,Bancroft,DeadDraw,67950.0,Hearthstone,Collectible Card Game,Europe,United Kingdom of Great Britain & Northern Ireland,2014-03-11,2014
15803,Stanislav,Cifka,StanCifka,67096.88,Hearthstone,Collectible Card Game,Europe,Czech Republic,2014-03-11,2014
12108,Baek,Hak Jun,Kranich,66835.51,Hearthstone,Collectible Card Game,Asia,"Korea, Republic of",2014-03-11,2014
12107,Hyun Soo,Cho,Flurry,66730.8,Hearthstone,Collectible Card Game,Asia,"Korea, Republic of",2014-03-11,2014
49179,Martin,Prête,Zhym,65702.33,Hearthstone,Collectible Card Game,Europe,"France, French Republic",2014-03-11,2014
21541,Louis,Bremers,Mitsuhide,64140.31,Hearthstone,Collectible Card Game,Europe,"Netherlands, Kingdom of the",2014-03-11,2014
46854,Michael,Luker,Luker,63000.0,Hearthstone,Collectible Card Game,North America,Canada,2014-03-11,2014
8376,Jason,Chan,Amaz,62704.15,Hearthstone,Collectible Card Game,Asia,"Hong Kong, Special Administrative Region of China",2014-03-11,2014
12793,Jeffrey,Liu,Tarei,62454.4,Hearthstone,Collectible Card Game,North America,United States of America,2014-03-11,2014
7398,Jan,Palys,Ek0p,60165.48,Hearthstone,Collectible Card Game,Europe,"Germany, Federal Republic of",2014-03-11,2014
12083,Xiao,Feng,Icefox,59309.9,Hearthstone,Collectible Card Game,Asia,"China, People's Republic of",2014-03-11,2014
28465,Sang Hyeon,Baek,DDaHyoNi,58436.0,Hearthstone,Collectible Card Game,Asia,"Korea, Republic of",2014-03-11,2014
22276,Dylan,Mullins,Hotform,56250.0,Hearthstone,Collectible Card Game,North America,Canada,2014-03-11,2014
32353,Chun Pong,Ng,Yulsic,54812.0,Hearthstone,Collectible Card Game,Asia,"Hong Kong, Special Administrative Region of China",2014-03-11,2014
13968,Li,Heyang,Sword,54320.72,Hearthstone,Collectible Card Game,Asia,"China, People's Republic of",2014-03-11,2014
21254,Simon,Raunholst,Crane,53526.12,Hearthstone,Collectible Card Game,Europe,"Denmark, Kingdom of",2014-03-11,2014
29438,Anthony,Trevino,Ant,52375.0,Hearthstone,Collectible Card Game,North America,United States of America,2014-03-11,2014
38798,-,-,Trunks,51231.7,Hearthstone,Collectible Card Game,Asia,"China, People's Republic of",2014-03-11,2014
8321,Petar,Stevanovic,Gaara,51059.59,Hearthstone,Collectible Card Game,Europe,"Germany, Federal Republic of",2014-03-11,2014
7400,Janne,Mikkonen,Savjz,50734.44,Hearthstone,Collectible Card Game,Europe,"Finland, Republic of",2014-03-11,2014
3255,Drew,Biessener,Tidesoftime,50449.6,Hearthstone,Collectible Card Game,North America,United States of America,2014-03-11,2014
49164,Simone,Liguori,Leta,49300.0,Hearthstone,Collectible Card Game,Europe,"Italy, Italian Republic",2014-03-11,2014
43043,Mike,Eichner,Ike,48550.0,Hearthstone,Collectible Card Game,North America,United States of America,2014-03-11,2014
1100,Jeffrey,Brusi,SjoW,47973.61,Hearthstone,Collectible Card Game,Europe,"Sweden, Kingdom of",2014-03-11,2014
